y1_statefips,y2_statefips,y2_state,y2_state_name,n1,n2,AGI
01,96,AL,AL Total Migration-US and Foreign,35681,69378,1597829
01,97,AL,AL Total Migration-US,34967,67911,1561677
01,98,AL,AL Total Migration-Foreign,714,1467,36152
01,97,AL,AL Total Migration-Same State,46630,95832,1871804
01,01,AL,AL Non-migrants,1598458,3579600,96406319
01,13,GA,Georgia,6655,13258,254092
01,12,FL,Florida,5329,10204,303897
01,48,TX,Texas,3674,7397,154428
01,47,TN,Tennessee,3116,5881,139622
01,28,MS,Mississippi,2022,4275,83165
01,06,CA,California,1232,2198,59586
01,37,NC,North Carolina,1214,2296,56031
01,22,LA,Louisiana,1037,1956,49626
01,51,VA,Virginia,828,1610,46498
01,57,FR,Foreign,714,1467,36152
01,45,SC,South Carolina,669,1313,14230
01,08,CO,Colorado,628,1130,28097
01,36,NY,New York,609,1057,24306
01,39,OH,Ohio,593,1179,23837
01,17,IL,Illinois,561,1045,25851
01,26,MI,Michigan,559,1110,19223
01,21,KY,Kentucky,523,1098,21678
01,53,WA,Washington,413,747,18448
01,18,IN,Indiana,412,819,19452
01,29,MO,Missouri,394,716,18372
01,24,MD,Maryland,386,691,17660
01,42,PA,Pennsylvania,362,722,17173
01,04,AZ,Arizona,341,643,16174
01,40,OK,Oklahoma,335,675,15080
01,05,AR,Arkansas,298,625,13851
01,20,KS,Kansas,247,511,9981
01,34,NJ,New Jersey,184,323,7510
01,25,MA,Massachusetts,182,281,7327
01,15,HI,Hawaii,175,345,7418
01,32,NV,Nevada,167,327,7062
01,55,WI,Wisconsin,154,264,2900
01,27,MN,Minnesota,142,286,6733
01,41,OR,Oregon,138,260,5595
01,19,IA,Iowa,130,239,5270
01,02,AK,Alaska,128,278,6138
01,35,NM,New Mexico,122,232,6285
01,49,UT,Utah,120,249,5234
01,31,NE,Nebraska,107,225,4780
01,09,CT,Connecticut,105,206,5588
01,54,WV,West Virginia,92,193,3784
01,38,ND,North Dakota,88,171,4348
01,11,DC,District Of Columbia,83,111,4147
01,56,WY,Wyoming,61,112,2975
01,23,ME,Maine,52,90,3142
01,30,MT,Montana,50,86,2166
01,16,ID,Idaho,49,95,2383
01,33,NH,New Hampshire,47,80,2646
01,44,RI,Rhode Island,46,100,2242
01,10,DE,Delaware,42,82,3067
01,46,SD,South Dakota,41,82,1558
01,50,VT,Vermont,25,38,1023
02,96,AK,AK Total Migration-US and Foreign,13405,25022,701834
02,97,AK,AK Total Migration-US,12950,24148,678765
02,98,AK,AK Total Migration-Foreign,455,874,23069
02,97,AK,AK Total Migration-Same State,5788,10559,313287
02,02,AK,AK Non-migrants,265963,558608,21208409
02,53,WA,Washington,1712,3037,92567
02,06,CA,California,1175,2104,50188
02,48,TX,Texas,1103,2232,75267
02,41,OR,Oregon,761,1241,38976
02,12,FL,Florida,703,1243,35908
02,04,AZ,Arizona,612,1140,35898
02,08,CO,Colorado,549,986,32613
02,57,FR,Foreign,455,874,23069
02,37,NC,North Carolina,410,847,16821
02,13,GA,Georgia,368,823,14978
02,16,ID,Idaho,335,647,21140
02,32,NV,Nevada,325,584,22043
02,15,HI,Hawaii,303,628,13113
02,51,VA,Virginia,273,535,15598
02,36,NY,New York,263,443,10023
02,26,MI,Michigan,226,379,10439
02,27,MN,Minnesota,214,373,11450
02,17,IL,Illinois,213,376,11020
02,30,MT,Montana,213,369,12927
02,29,MO,Missouri,211,433,10518
02,47,TN,Tennessee,205,417,10120
02,49,UT,Utah,199,402,11185
02,40,OK,Oklahoma,182,372,10976
02,39,OH,Ohio,174,313,7491
02,42,PA,Pennsylvania,159,280,7676
02,45,SC,South Carolina,159,316,6910
02,35,NM,New Mexico,135,276,7880
02,22,LA,Louisiana,133,272,7368
02,20,KS,Kansas,133,335,5290
02,21,KY,Kentucky,129,281,6258
02,55,WI,Wisconsin,113,179,4568
02,01,AL,Alabama,107,223,4869
02,24,MD,Maryland,104,194,4463
02,25,MA,Massachusetts,101,145,5060
02,18,IN,Indiana,95,172,3718
02,05,AR,Arkansas,95,184,3952
02,38,ND,North Dakota,87,164,5608
02,56,WY,Wyoming,87,161,5815
02,19,IA,Iowa,75,147,3019
02,31,NE,Nebraska,73,138,3756
02,34,NJ,New Jersey,67,133,3061
02,46,SD,South Dakota,65,117,3913
02,28,MS,Mississippi,61,111,2296
02,23,ME,Maine,56,91,2294
02,33,NH,New Hampshire,41,63,2537
02,54,WV,West Virginia,32,60,1149
02,09,CT,Connecticut,31,46,1285
02,11,DC,District Of Columbia,27,36,2388
02,50,VT,Vermont,25,45,1122
02,10,DE,Delaware,18,33,693
02,44,RI,Rhode Island,13,22,556
04,96,AZ,AZ Total Migration-US and Foreign,63693,120204,3405754
04,97,AZ,AZ Total Migration-US,61486,115712,3272884
04,98,AZ,AZ Total Migration-Foreign,2207,4492,132870
04,97,AZ,AZ Total Migration-Same State,29884,59753,1246123
04,04,AZ,AZ Non-migrants,2229625,4942639,142623684
04,06,CA,California,12564,22988,651807
04,48,TX,Texas,6523,13582,422295
04,08,CO,Colorado,3464,6291,180849
04,53,WA,Washington,3432,6174,164450
04,35,NM,New Mexico,2609,5913,89268
04,32,NV,Nevada,2541,5017,143019
04,12,FL,Florida,2493,4431,166316
04,57,FR,Foreign,2207,4492,132870
04,41,OR,Oregon,2004,3591,95938
04,17,IL,Illinois,1804,3066,103580
04,49,UT,Utah,1800,4016,87897
04,36,NY,New York,1395,2201,78972
04,26,MI,Michigan,1231,2173,67227
04,37,NC,North Carolina,1120,2169,57409
04,39,OH,Ohio,1078,1912,54339
04,13,GA,Georgia,1061,2139,53645
04,27,MN,Minnesota,1050,1773,50798
04,51,VA,Virginia,1001,1873,55148
04,42,PA,Pennsylvania,848,1468,40313
04,55,WI,Wisconsin,829,1439,41876
04,29,MO,Missouri,811,1593,41394
04,16,ID,Idaho,801,1604,37278
04,40,OK,Oklahoma,714,1436,31630
04,47,TN,Tennessee,710,1364,42456
04,18,IN,Indiana,671,1253,63488
04,15,HI,Hawaii,588,1049,28465
04,20,KS,Kansas,586,1105,25537
04,24,MD,Maryland,565,975,35232
04,19,IA,Iowa,564,1026,24588
04,30,MT,Montana,516,922,29129
04,34,NJ,New Jersey,514,884,32885
04,25,MA,Massachusetts,510,800,27573
04,02,AK,Alaska,486,871,28598
04,38,ND,North Dakota,481,904,24654
04,31,NE,Nebraska,476,899,3304
04,45,SC,South Carolina,451,877,24557
04,46,SD,South Dakota,371,638,22594
04,22,LA,Louisiana,366,671,15524
04,21,KY,Kentucky,348,669,14258
04,56,WY,Wyoming,345,686,20599
04,05,AR,Arkansas,326,661,13834
04,01,AL,Alabama,285,575,16478
04,09,CT,Connecticut,236,400,15645
04,28,MS,Mississippi,197,425,9168
04,23,ME,Maine,148,248,4022
04,33,NH,New Hampshire,139,227,7302
04,11,DC,District Of Columbia,116,158,6190
04,54,WV,West Virginia,103,190,5517
04,10,DE,Delaware,75,148,4503
04,44,RI,Rhode Island,72,126,3366
04,50,VT,Vermont,68,112,7968
05,96,AR,AR Total Migration-US and Foreign,23374,46025,1066224
05,97,AR,AR Total Migration-US,22941,45147,1046409
05,98,AR,AR Total Migration-Foreign,433,878,19815
05,97,AR,AR Total Migration-Same State,32457,65470,1161833
05,05,AR,AR Non-migrants,954334,2145497,58280625
05,48,TX,Texas,5177,10247,246150
05,40,OK,Oklahoma,2110,4524,80682
05,29,MO,Missouri,1987,4006,71670
05,47,TN,Tennessee,1481,2918,58908
05,12,FL,Florida,1202,2263,93334
05,06,CA,California,1115,2039,44453
05,22,LA,Louisiana,912,1925,38791
05,28,MS,Mississippi,675,1392,25281
05,17,IL,Illinois,607,1132,24461
05,13,GA,Georgia,580,1161,26895
05,08,CO,Colorado,579,1069,29473
05,57,FR,Foreign,433,878,19815
05,20,KS,Kansas,422,826,17309
05,37,NC,North Carolina,403,815,19772
05,04,AZ,Arizona,403,749,16036
05,53,WA,Washington,361,692,21196
05,51,VA,Virginia,348,648,23316
05,01,AL,Alabama,338,703,15223
05,36,NY,New York,297,466,10562
05,39,OH,Ohio,289,588,17136
05,26,MI,Michigan,271,538,10260
05,18,IN,Indiana,265,496,9788
05,21,KY,Kentucky,234,454,11097
05,55,WI,Wisconsin,221,403,8818
05,45,SC,South Carolina,205,416,9821
05,42,PA,Pennsylvania,203,349,12371
05,32,NV,Nevada,188,378,8596
05,19,IA,Iowa,179,371,5638
05,41,OR,Oregon,173,300,6346
05,27,MN,Minnesota,167,305,9692
05,24,MD,Maryland,138,259,7575
05,31,NE,Nebraska,136,275,6094
05,35,NM,New Mexico,129,244,5502
05,49,UT,Utah,122,255,6226
05,34,NJ,New Jersey,111,188,6426
05,38,ND,North Dakota,104,200,5054
05,25,MA,Massachusetts,100,162,4685
05,15,HI,Hawaii,96,192,3035
05,02,AK,Alaska,79,163,3807
05,56,WY,Wyoming,76,179,2823
05,30,MT,Montana,70,140,2288
05,46,SD,South Dakota,63,113,3145
05,16,ID,Idaho,61,133,5094
05,54,WV,West Virginia,55,118,2196
05,09,CT,Connecticut,49,89,2008
05,11,DC,District Of Columbia,47,57,2488
05,33,NH,New Hampshire,30,53,1647
05,10,DE,Delaware,25,50,999
05,44,RI,Rhode Island,22,50,1067
05,23,ME,Maine,19,33,715
05,50,VT,Vermont,17,21,461
06,96,CA,CA Total Migration-US and Foreign,212337,388394,15681638
06,97,CA,CA Total Migration-US,200440,365561,14560580
06,98,CA,CA Total Migration-Foreign,11897,22833,1121058
06,97,CA,CA Total Migration-Same State,364319,676488,24921124
06,06,CA,CA Non-migrants,13658090,30666470,1154367010
06,48,TX,Texas,25288,50924,1804603
06,32,NV,Nevada,17680,33533,1610535
06,04,AZ,Arizona,15330,29184,1013447
06,53,WA,Washington,15010,27516,1065233
06,57,FR,Foreign,11897,22833,1121058
06,41,OR,Oregon,11621,20178,664130
06,36,NY,New York,10759,15092,1032711
06,12,FL,Florida,10239,18149,1162002
06,08,CO,Colorado,8337,14858,646116
06,17,IL,Illinois,5405,9125,398651
06,51,VA,Virginia,5184,9727,372849
06,13,GA,Georgia,4998,9491,308613
06,37,NC,North Carolina,4854,9435,307171
06,15,HI,Hawaii,4508,7779,301849
06,49,UT,Utah,4330,8902,251675
06,25,MA,Massachusetts,3395,5187,335401
06,16,ID,Idaho,3253,6743,213209
06,42,PA,Pennsylvania,3198,5230,256309
06,47,TN,Tennessee,2922,5468,184086
06,39,OH,Ohio,2808,4857,176069
06,26,MI,Michigan,2794,4906,164638
06,24,MD,Maryland,2716,4638,164545
06,34,NJ,New Jersey,2666,4695,252545
06,29,MO,Missouri,2421,4417,125672
06,40,OK,Oklahoma,2199,4300,80912
06,27,MN,Minnesota,2139,3766,132442
06,35,NM,New Mexico,2030,3689,110645
06,18,IN,Indiana,1830,3448,94148
06,22,LA,Louisiana,1771,3105,84039
06,55,WI,Wisconsin,1703,3047,93059
06,45,SC,South Carolina,1632,2978,110849
06,20,KS,Kansas,1564,3004,64787
06,30,MT,Montana,1275,2244,113013
06,02,AK,Alaska,1271,2249,56604
06,05,AR,Arkansas,1270,2480,50134
06,09,CT,Connecticut,1248,2069,107745
06,21,KY,Kentucky,1187,2209,67338
06,11,DC,District Of Columbia,1184,1409,79258
06,01,AL,Alabama,1169,2274,55689
06,31,NE,Nebraska,991,2012,47689
06,19,IA,Iowa,975,1859,41183
06,38,ND,North Dakota,880,1585,38059
06,28,MS,Mississippi,810,1588,47318
06,56,WY,Wyoming,798,1483,75995
06,46,SD,South Dakota,573,1057,33792
06,33,NH,New Hampshire,487,778,31862
06,23,ME,Maine,462,733,35605
06,44,RI,Rhode Island,406,711,23637
06,10,DE,Delaware,311,549,32683
06,50,VT,Vermont,290,448,29760
06,54,WV,West Virginia,269,453,10273
08,96,CO,CO Total Migration-US and Foreign,56653,102784,3618217
08,97,CO,CO Total Migration-US,54894,99310,3495310
08,98,CO,CO Total Migration-Foreign,1759,3474,122907
08,97,CO,CO Total Migration-Same State,89984,162557,4928376
08,08,CO,CO Non-migrants,1932425,4134014,157232055
08,48,TX,Texas,6641,13360,463370
08,06,CA,California,6317,10684,446800
08,12,FL,Florida,3720,6590,487532
08,04,AZ,Arizona,3292,5903,213866
08,53,WA,Washington,2154,3710,127938
08,57,FR,Foreign,1759,3474,122907
08,35,NM,New Mexico,1635,3170,82398
08,56,WY,Wyoming,1474,2732,84341
08,17,IL,Illinois,1451,2370,85995
08,36,NY,New York,1402,2057,84079
08,41,OR,Oregon,1303,2142,67135
08,13,GA,Georgia,1260,2553,71556
08,49,UT,Utah,1257,2525,59533
08,32,NV,Nevada,1249,2143,85973
08,37,NC,North Carolina,1234,2420,69422
08,20,KS,Kansas,1190,2301,50853
08,51,VA,Virginia,1136,2113,71808
08,31,NE,Nebraska,1106,2060,46032
08,29,MO,Missouri,1103,2071,52468
08,40,OK,Oklahoma,1011,2027,50114
08,26,MI,Michigan,960,1621,44124
08,27,MN,Minnesota,889,1582,43566
08,39,OH,Ohio,854,1459,42909
08,47,TN,Tennessee,831,1532,42417
08,42,PA,Pennsylvania,823,1344,41544
08,30,MT,Montana,698,1168,29938
08,55,WI,Wisconsin,679,1094,53054
08,25,MA,Massachusetts,649,982,41843
08,16,ID,Idaho,631,1207,32062
08,19,IA,Iowa,619,1125,25431
08,15,HI,Hawaii,618,1216,33076
08,18,IN,Indiana,607,1082,28196
08,24,MD,Maryland,563,959,34454
08,45,SC,South Carolina,529,998,26501
08,38,ND,North Dakota,513,972,30146
08,46,SD,South Dakota,498,866,29953
08,22,LA,Louisiana,491,860,22019
08,01,AL,Alabama,473,932,24958
08,34,NJ,New Jersey,438,752,23906
08,02,AK,Alaska,411,689,22373
08,21,KY,Kentucky,387,796,21918
08,05,AR,Arkansas,368,731,16608
08,09,CT,Connecticut,258,439,16323
08,28,MS,Mississippi,243,510,9549
08,11,DC,District Of Columbia,180,227,18054
08,33,NH,New Hampshire,177,305,11010
08,23,ME,Maine,160,253,9324
08,50,VT,Vermont,144,206,4990
08,54,WV,West Virginia,126,224,6055
08,44,RI,Rhode Island,75,113,3473
08,10,DE,Delaware,67,135,4326
09,96,CT,CT Total Migration-US and Foreign,36505,60493,3705476
09,97,CT,CT Total Migration-US,35374,58290,3545197
09,98,CT,CT Total Migration-Foreign,1131,2203,160279
09,97,CT,CT Total Migration-Same State,21110,33767,1178906
09,09,CT,CT Non-migrants,1383786,2839854,148163858
09,36,NY,New York,6706,10189,671497
09,12,FL,Florida,5800,10318,985402
09,25,MA,Massachusetts,3815,5544,256010
09,06,CA,California,2178,3296,276642
09,48,TX,Texas,1596,3089,156229
09,37,NC,North Carolina,1438,2641,101998
09,34,NJ,New Jersey,1271,2193,105905
09,57,FR,Foreign,1131,2203,160279
09,42,PA,Pennsylvania,1008,1693,81793
09,51,VA,Virginia,974,1716,87793
09,44,RI,Rhode Island,940,1458,56552
09,13,GA,Georgia,915,1724,67797
09,45,SC,South Carolina,895,1650,86558
09,24,MD,Maryland,587,945,46976
09,33,NH,New Hampshire,560,892,51142
09,08,CO,Colorado,546,763,43142
09,17,IL,Illinois,510,813,48499
09,04,AZ,Arizona,458,794,37599
09,53,WA,Washington,457,763,31061
09,23,ME,Maine,436,676,29812
09,50,VT,Vermont,399,591,30087
09,39,OH,Ohio,370,683,26710
09,47,TN,Tennessee,340,642,30955
09,26,MI,Michigan,265,521,26821
09,11,DC,District Of Columbia,261,306,18440
09,15,HI,Hawaii,225,360,10761
09,32,NV,Nevada,208,310,13218
09,27,MN,Minnesota,184,322,22703
09,41,OR,Oregon,178,255,8885
09,18,IN,Indiana,159,276,16051
09,29,MO,Missouri,149,266,10757
09,55,WI,Wisconsin,147,253,11268
09,22,LA,Louisiana,142,214,8029
09,10,DE,Delaware,130,243,8769
09,01,AL,Alabama,130,248,7706
09,21,KY,Kentucky,127,231,5898
09,49,UT,Utah,108,188,9500
09,35,NM,New Mexico,98,151,5836
09,20,KS,Kansas,80,137,4361
09,40,OK,Oklahoma,76,153,4363
09,19,IA,Iowa,55,89,2858
09,05,AR,Arkansas,54,104,5793
09,30,MT,Montana,53,69,5789
09,02,AK,Alaska,51,76,2043
09,31,NE,Nebraska,50,90,4823
09,54,WV,West Virginia,44,70,1524
09,56,WY,Wyoming,43,57,11755
09,46,SD,South Dakota,40,65,2393
09,28,MS,Mississippi,40,52,1196
09,16,ID,Idaho,40,60,2365
09,38,ND,North Dakota,38,51,1132
10,96,DE,DE Total Migration-US and Foreign,11203,19811,660586
10,97,DE,DE Total Migration-US,10930,19256,644516
10,98,DE,DE Total Migration-Foreign,273,555,16069
10,97,DE,DE Total Migration-Same State,2885,5254,119856
10,10,DE,DE Non-migrants,347432,721941,24478142
10,42,PA,Pennsylvania,2401,4262,169750
10,24,MD,Maryland,1992,3571,91797
10,12,FL,Florida,1016,1791,55112
10,34,NJ,New Jersey,832,1413,42143
10,36,NY,New York,552,849,48777
10,48,TX,Texas,507,958,28563
10,51,VA,Virginia,496,840,27742
10,06,CA,California,412,680,27435
10,37,NC,North Carolina,400,761,24335
10,13,GA,Georgia,279,515,11689
10,57,FR,Foreign,273,555,16069
10,45,SC,South Carolina,157,275,8880
10,39,OH,Ohio,150,246,7531
10,25,MA,Massachusetts,150,208,12868
10,08,CO,Colorado,127,207,6544
10,47,TN,Tennessee,110,224,4817
10,04,AZ,Arizona,109,190,3452
10,17,IL,Illinois,106,177,5805
10,53,WA,Washington,89,159,5033
10,55,WI,Wisconsin,84,256,3005
10,09,CT,Connecticut,84,151,6970
10,11,DC,District Of Columbia,80,104,5434
10,26,MI,Michigan,74,142,4962
10,18,IN,Indiana,48,84,2118
10,32,NV,Nevada,45,65,5479
10,54,WV,West Virginia,44,87,2363
10,22,LA,Louisiana,42,80,3150
10,27,MN,Minnesota,42,64,2913
10,15,HI,Hawaii,38,71,1496
10,01,AL,Alabama,38,61,1461
10,29,MO,Missouri,37,63,2348
10,33,NH,New Hampshire,36,57,2010
10,41,OR,Oregon,35,55,2341
10,21,KY,Kentucky,35,60,1981
10,02,AK,Alaska,33,57,1195
10,49,UT,Utah,32,64,2273
10,20,KS,Kansas,30,57,1694
10,40,OK,Oklahoma,28,54,1439
10,05,AR,Arkansas,27,63,1146
10,23,ME,Maine,27,50,1536
10,44,RI,Rhode Island,24,36,1042
10,28,MS,Mississippi,20,48,735
10,35,NM,New Mexico,19,33,1002
10,50,VT,Vermont,18,24,913
10,19,IA,Iowa,14,20,855
10,38,ND,North Dakota,11,24,379
10,16,ID,Idaho,-1,-1,-1
10,46,SD,South Dakota,-1,-1,-1
10,30,MT,Montana,-1,-1,-1
10,31,NE,Nebraska,-1,-1,-1
10,56,WY,Wyoming,-1,-1,-1
11,96,DC,DC Total Migration-US and Foreign,21005,32189,1699650
11,97,DC,DC Total Migration-US,20412,31227,1645482
11,98,DC,DC Total Migration-Foreign,593,962,54168
11,11,DC,DC Non-migrants,255331,426998,25292722
11,24,MD,Maryland,7197,12835,457245
11,51,VA,Virginia,3714,5634,341372
11,06,CA,California,1469,1880,150872
11,36,NY,New York,1455,1739,123317
11,48,TX,Texas,681,1023,53534
11,12,FL,Florida,671,949,90722
11,57,FR,Foreign,593,962,54168
11,42,PA,Pennsylvania,468,617,35381
11,37,NC,North Carolina,467,692,29088
11,25,MA,Massachusetts,448,567,44381
11,17,IL,Illinois,385,492,30501
11,13,GA,Georgia,354,513,24896
11,34,NJ,New Jersey,301,410,21057
11,08,CO,Colorado,282,377,29990
11,53,WA,Washington,252,343,18328
11,39,OH,Ohio,196,268,13118
11,09,CT,Connecticut,163,200,15743
11,26,MI,Michigan,157,215,10958
11,45,SC,South Carolina,143,223,11146
11,47,TN,Tennessee,139,194,11735
11,41,OR,Oregon,117,161,8769
11,04,AZ,Arizona,117,156,10372
11,27,MN,Minnesota,98,129,6794
11,55,WI,Wisconsin,79,97,5526
11,29,MO,Missouri,77,100,5382
11,18,IN,Indiana,76,115,5001
11,22,LA,Louisiana,69,95,5462
11,10,DE,Delaware,69,87,9508
11,15,HI,Hawaii,59,94,4711
11,54,WV,West Virginia,58,114,2494
11,01,AL,Alabama,54,92,5309
11,35,NM,New Mexico,52,68,5972
11,32,NV,Nevada,51,72,3585
11,33,NH,New Hampshire,46,63,4800
11,21,KY,Kentucky,44,63,2358
11,44,RI,Rhode Island,43,61,3085
11,23,ME,Maine,43,55,2600
11,50,VT,Vermont,40,56,5223
11,49,UT,Utah,36,63,3462
11,28,MS,Mississippi,35,49,2253
11,40,OK,Oklahoma,33,46,2134
11,19,IA,Iowa,33,42,2558
11,20,KS,Kansas,32,38,1488
11,05,AR,Arkansas,27,33,2150
11,31,NE,Nebraska,22,29,1611
11,02,AK,Alaska,22,25,980
11,16,ID,Idaho,21,33,17226
11,46,SD,South Dakota,17,20,1281
11,38,ND,North Dakota,-1,-1,-1
11,30,MT,Montana,-1,-1,-1
11,56,WY,Wyoming,-1,-1,-1
12,96,FL,FL Total Migration-US and Foreign,177001,309354,9616480
12,97,FL,FL Total Migration-US,169965,296648,9093486
12,98,FL,FL Total Migration-Foreign,7036,12706,522994
12,97,FL,FL Total Migration-Same State,227647,407226,10613324
12,12,FL,FL Non-migrants,7246289,14640337,493450202
12,48,TX,Texas,21446,39133,902345
12,13,GA,Georgia,15624,29784,692115
12,36,NY,New York,14014,22123,1320129
12,06,CA,California,10607,17150,694337
12,37,NC,North Carolina,9402,17093,459901
12,57,FR,Foreign,7036,12706,522994
12,51,VA,Virginia,6648,11999,407508
12,42,PA,Pennsylvania,5690,9671,277730
12,47,TN,Tennessee,5501,10211,273693
12,39,OH,Ohio,5450,9355,230807
12,34,NJ,New Jersey,5240,8840,380186
12,17,IL,Illinois,4659,7583,225795
12,25,MA,Massachusetts,4595,7404,252250
12,01,AL,Alabama,4489,8446,185502
12,08,CO,Colorado,4458,7190,213301
12,26,MI,Michigan,4397,7580,188352
12,45,SC,South Carolina,4229,7697,199287
12,24,MD,Maryland,3581,6162,197823
12,18,IN,Indiana,3004,5286,130761
12,53,WA,Washington,2903,4971,147182
12,21,KY,Kentucky,2465,4505,117159
12,04,AZ,Arizona,2458,4255,145598
12,09,CT,Connecticut,2447,4185,144141
12,22,LA,Louisiana,2197,3855,99152
12,29,MO,Missouri,2021,3598,145771
12,32,NV,Nevada,1907,3191,88359
12,55,WI,Wisconsin,1660,2806,91038
12,28,MS,Mississippi,1436,2669,56518
12,27,MN,Minnesota,1372,2286,85134
12,40,OK,Oklahoma,1271,2394,49945
12,41,OR,Oregon,1141,1759,46097
12,15,HI,Hawaii,1119,1921,50010
12,33,NH,New Hampshire,1032,1690,49381
12,20,KS,Kansas,974,1747,36766
12,05,AR,Arkansas,965,1745,53278
12,23,ME,Maine,946,1523,41956
12,44,RI,Rhode Island,876,1492,39588
12,35,NM,New Mexico,796,1402,38966
12,54,WV,West Virginia,789,1403,25581
12,11,DC,District Of Columbia,745,972,63924
12,19,IA,Iowa,731,1262,41860
12,49,UT,Utah,729,1417,36794
12,31,NE,Nebraska,610,1056,21840
12,02,AK,Alaska,607,1044,24232
12,10,DE,Delaware,583,987,24101
12,38,ND,North Dakota,527,958,21375
12,50,VT,Vermont,383,595,18170
12,16,ID,Idaho,367,687,15603
12,30,MT,Montana,350,619,16723
12,46,SD,South Dakota,287,493,14765
12,56,WY,Wyoming,237,454,10657
13,96,GA,GA Total Migration-US and Foreign,92287,179426,4791846
13,97,GA,GA Total Migration-US,89559,173857,4618970
13,98,GA,GA Total Migration-Foreign,2728,5569,172877
13,97,GA,GA Total Migration-Same State,166329,334326,7248743
13,13,GA,GA Non-migrants,3266790,7430492,220961020
13,12,FL,Florida,15742,30190,1003635
13,48,TX,Texas,9892,20532,468073
13,01,AL,Alabama,5972,12269,249108
13,37,NC,North Carolina,5716,11055,274472
13,45,SC,South Carolina,5698,11261,300581
13,47,TN,Tennessee,5288,10106,276911
13,06,CA,California,4964,8877,296325
13,36,NY,New York,3557,6173,159906
13,51,VA,Virginia,3132,5921,159742
13,57,FR,Foreign,2728,5569,172877
13,39,OH,Ohio,1967,3853,83951
13,17,IL,Illinois,1946,3584,105366
13,08,CO,Colorado,1781,3275,88099
13,24,MD,Maryland,1606,3073,75375
13,42,PA,Pennsylvania,1604,3041,71829
13,22,LA,Louisiana,1534,3072,55064
13,26,MI,Michigan,1420,2791,51384
13,53,WA,Washington,1416,2839,71958
13,34,NJ,New Jersey,1226,2253,73157
13,28,MS,Mississippi,1161,2422,40895
13,21,KY,Kentucky,1042,2216,45090
13,04,AZ,Arizona,1026,1975,56919
13,18,IN,Indiana,965,1878,38812
13,29,MO,Missouri,948,1860,45027
13,25,MA,Massachusetts,904,1530,55800
13,15,HI,Hawaii,686,1466,29395
13,32,NV,Nevada,622,1160,53451
13,40,OK,Oklahoma,619,1295,24147
13,20,KS,Kansas,606,1335,25355
13,27,MN,Minnesota,579,1070,27666
13,09,CT,Connecticut,560,1018,31354
13,05,AR,Arkansas,551,1152,24480
13,55,WI,Wisconsin,503,974,29960
13,41,OR,Oregon,502,876,26122
13,11,DC,District Of Columbia,427,596,30759
13,02,AK,Alaska,361,802,13769
13,49,UT,Utah,355,733,17437
13,19,IA,Iowa,326,691,13502
13,38,ND,North Dakota,318,659,16349
13,35,NM,New Mexico,285,587,16767
13,10,DE,Delaware,246,466,12702
13,54,WV,West Virginia,239,461,10153
13,31,NE,Nebraska,228,465,9358
13,23,ME,Maine,156,287,6469
13,33,NH,New Hampshire,149,257,7305
13,16,ID,Idaho,148,331,8131
13,30,MT,Montana,145,295,10238
13,46,SD,South Dakota,119,222,6631
13,56,WY,Wyoming,112,231,9122
13,44,RI,Rhode Island,111,202,4890
13,50,VT,Vermont,99,180,5977
15,96,HI,HI Total Migration-US and Foreign,20966,40289,984662
15,97,HI,HI Total Migration-US,19873,38063,932352
15,98,HI,HI Total Migration-Foreign,1093,2226,52310
15,97,HI,HI Total Migration-Same State,2761,4725,115253
15,15,HI,HI Non-migrants,542461,1107755,35364835
15,06,CA,California,4088,7065,197380
15,53,WA,Washington,1683,3243,77309
15,48,TX,Texas,1645,3667,76778
15,32,NV,Nevada,1105,2114,51009
15,57,FR,Foreign,1093,2226,52310
15,12,FL,Florida,1074,1922,52106
15,41,OR,Oregon,758,1265,28438
15,51,VA,Virginia,755,1678,42944
15,08,CO,Colorado,719,1349,46648
15,04,AZ,Arizona,672,1309,36999
15,36,NY,New York,567,966,25517
15,13,GA,Georgia,567,1250,23827
15,37,NC,North Carolina,463,981,20011
15,49,UT,Utah,397,943,17749
15,24,MD,Maryland,389,764,20872
15,02,AK,Alaska,317,668,12918
15,17,IL,Illinois,297,496,13079
15,42,PA,Pennsylvania,272,475,11113
15,47,TN,Tennessee,249,510,12326
15,29,MO,Missouri,232,478,11195
15,39,OH,Ohio,232,419,9620
15,45,SC,South Carolina,231,528,11384
15,26,MI,Michigan,217,350,8047
15,40,OK,Oklahoma,206,441,8077
15,20,KS,Kansas,197,463,7988
15,01,AL,Alabama,197,440,8578
15,25,MA,Massachusetts,187,291,9086
15,34,NJ,New Jersey,179,315,6477
15,16,ID,Idaho,162,311,5773
15,27,MN,Minnesota,156,254,5786
15,22,LA,Louisiana,154,345,6489
15,21,KY,Kentucky,153,323,6343
15,35,NM,New Mexico,152,265,6354
15,18,IN,Indiana,151,272,5691
15,55,WI,Wisconsin,143,220,5115
15,09,CT,Connecticut,123,216,5378
15,05,AR,Arkansas,97,209,3125
15,30,MT,Montana,85,161,5505
15,19,IA,Iowa,76,148,6665
15,28,MS,Mississippi,71,145,2517
15,31,NE,Nebraska,66,128,2645
15,33,NH,New Hampshire,58,89,2467
15,23,ME,Maine,49,85,2424
15,11,DC,District Of Columbia,49,67,2781
15,44,RI,Rhode Island,48,99,2689
15,38,ND,North Dakota,42,84,1602
15,56,WY,Wyoming,40,82,1696
15,46,SD,South Dakota,36,56,2061
15,54,WV,West Virginia,24,39,507
15,10,DE,Delaware,24,44,944
15,50,VT,Vermont,19,31,319
16,96,ID,ID Total Migration-US and Foreign,17022,33194,909093
16,97,ID,ID Total Migration-US,16680,32534,893142
16,98,ID,ID Total Migration-Foreign,342,660,15951
16,97,ID,ID Total Migration-Same State,14508,30193,522058
16,16,ID,ID Non-migrants,546985,1283315,32767635
16,53,WA,Washington,3364,6184,143058
16,49,UT,Utah,1913,4009,78373
16,06,CA,California,1839,3381,70180
16,41,OR,Oregon,1475,2895,52784
16,48,TX,Texas,910,1912,70743
16,04,AZ,Arizona,787,1609,41052
16,32,NV,Nevada,708,1473,35458
16,08,CO,Colorado,620,1141,29788
16,30,MT,Montana,573,1069,22921
16,38,ND,North Dakota,438,902,25420
16,56,WY,Wyoming,390,858,21110
16,12,FL,Florida,374,704,20431
16,57,FR,Foreign,342,660,15951
16,02,AK,Alaska,247,465,11707
16,51,VA,Virginia,195,377,9762
16,37,NC,North Carolina,184,329,8259
16,15,HI,Hawaii,172,319,9150
16,36,NY,New York,146,250,6365
16,13,GA,Georgia,144,298,5628
16,35,NM,New Mexico,127,297,6448
16,39,OH,Ohio,126,259,6116
16,27,MN,Minnesota,123,228,133935
16,29,MO,Missouri,122,245,6509
16,17,IL,Illinois,122,225,6591
16,47,TN,Tennessee,115,241,7736
16,40,OK,Oklahoma,114,229,3998
16,42,PA,Pennsylvania,112,206,5587
16,26,MI,Michigan,107,205,5098
16,18,IN,Indiana,100,187,3592
16,20,KS,Kansas,99,194,3562
16,55,WI,Wisconsin,98,187,5212
16,19,IA,Iowa,94,205,3677
16,31,NE,Nebraska,79,187,2814
16,45,SC,South Carolina,74,133,3380
16,01,AL,Alabama,69,142,2370
16,46,SD,South Dakota,65,128,3387
16,25,MA,Massachusetts,64,99,3084
16,24,MD,Maryland,63,105,2430
16,22,LA,Louisiana,53,112,2461
16,21,KY,Kentucky,50,104,1552
16,05,AR,Arkansas,49,101,1888
16,34,NJ,New Jersey,45,88,2577
16,09,CT,Connecticut,33,66,3347
16,28,MS,Mississippi,29,58,1192
16,23,ME,Maine,20,46,569
16,54,WV,West Virginia,17,37,312
16,50,VT,Vermont,16,23,862
16,33,NH,New Hampshire,16,22,668
16,11,DC,District Of Columbia,-1,-1,-1
16,10,DE,Delaware,-1,-1,-1
16,44,RI,Rhode Island,-1,-1,-1
17,96,IL,IL Total Migration-US and Foreign,99608,177453,7717664
17,97,IL,IL Total Migration-US,96761,172012,7433615
17,98,IL,IL Total Migration-Foreign,2847,5441,284050
17,97,IL,IL Total Migration-Same State,105519,195035,5694945
17,17,IL,IL Non-migrants,4857323,10604004,384604563
17,48,TX,Texas,8882,17732,777679
17,12,FL,Florida,8803,15338,1466396
17,06,CA,California,8714,14073,730352
17,18,IN,Indiana,8183,16296,385036
17,55,WI,Wisconsin,6627,11837,379695
17,29,MO,Missouri,6096,10279,302476
17,19,IA,Iowa,3799,7020,148671
17,04,AZ,Arizona,3590,6253,315036
17,26,MI,Michigan,3420,5930,258151
17,08,CO,Colorado,3104,4693,228281
17,36,NY,New York,3078,4329,239956
17,57,FR,Foreign,2847,5441,284050
17,13,GA,Georgia,2816,5534,165275
17,47,TN,Tennessee,2424,4423,151879
17,39,OH,Ohio,2324,4199,151948
17,37,NC,North Carolina,2100,3968,169233
17,27,MN,Minnesota,1971,3611,113553
17,53,WA,Washington,1823,2917,122292
17,51,VA,Virginia,1794,3198,115643
17,21,KY,Kentucky,1381,2591,63104
17,42,PA,Pennsylvania,1271,2204,120300
17,32,NV,Nevada,1254,2257,109470
17,25,MA,Massachusetts,1049,1629,98831
17,34,NJ,New Jersey,996,1801,92421
17,45,SC,South Carolina,947,1795,82253
17,24,MD,Maryland,878,1501,98987
17,41,OR,Oregon,801,1209,46627
17,05,AR,Arkansas,756,1442,38929
17,20,KS,Kansas,735,1352,42653
17,01,AL,Alabama,717,1443,34167
17,22,LA,Louisiana,657,1054,27711
17,40,OK,Oklahoma,653,1290,40096
17,28,MS,Mississippi,620,1241,19362
17,31,NE,Nebraska,480,897,23944
17,15,HI,Hawaii,442,691,22920
17,11,DC,District Of Columbia,440,527,33774
17,49,UT,Utah,421,802,26738
17,09,CT,Connecticut,400,682,37189
17,35,NM,New Mexico,372,621,21461
17,38,ND,North Dakota,290,521,14332
17,46,SD,South Dakota,232,413,13610
17,02,AK,Alaska,203,329,8290
17,16,ID,Idaho,191,363,10431
17,30,MT,Montana,185,282,15237
17,56,WY,Wyoming,153,275,7955
17,54,WV,West Virginia,138,251,6061
17,33,NH,New Hampshire,131,214,18951
17,10,DE,Delaware,119,231,9239
17,44,RI,Rhode Island,114,170,8386
17,23,ME,Maine,98,166,11129
17,50,VT,Vermont,89,138,7504
18,96,IN,IN Total Migration-US and Foreign,45788,83576,2323384
18,97,IN,IN Total Migration-US,44921,81914,2266400
18,98,IN,IN Total Migration-Foreign,867,1662,56985
18,97,IN,IN Total Migration-Same State,69933,129068,2891508
18,18,IN,IN Non-migrants,2413153,5296632,150655847
18,17,IL,Illinois,6788,12317,295696
18,12,FL,Florida,5117,9082,392763
18,21,KY,Kentucky,3809,7030,137511
18,48,TX,Texas,3298,6420,153817
18,39,OH,Ohio,3243,5786,143151
18,26,MI,Michigan,2825,5357,133135
18,06,CA,California,2277,3837,110693
18,47,TN,Tennessee,1605,3007,80929
18,13,GA,Georgia,1312,2604,58650
18,37,NC,North Carolina,1199,2190,61700
18,04,AZ,Arizona,1128,2053,56663
18,08,CO,Colorado,995,1620,50238
18,57,FR,Foreign,867,1662,56985
18,36,NY,New York,845,1317,39119
18,51,VA,Virginia,789,1450,44942
18,29,MO,Missouri,777,1479,34438
18,55,WI,Wisconsin,716,1379,32405
18,45,SC,South Carolina,696,1348,40878
18,53,WA,Washington,586,1020,43864
18,42,PA,Pennsylvania,574,1040,31293
18,27,MN,Minnesota,476,936,21446
18,01,AL,Alabama,457,895,21821
18,32,NV,Nevada,395,703,15587
18,19,IA,Iowa,365,658,14226
18,24,MD,Maryland,351,597,18307
18,34,NJ,New Jersey,321,586,23493
18,40,OK,Oklahoma,318,618,12820
18,25,MA,Massachusetts,313,483,20545
18,20,KS,Kansas,306,566,15292
18,22,LA,Louisiana,301,564,12195
18,41,OR,Oregon,288,454,12805
18,05,AR,Arkansas,271,578,11031
18,28,MS,Mississippi,258,524,9853
18,35,NM,New Mexico,179,317,9094
18,49,UT,Utah,175,323,7564
18,15,HI,Hawaii,170,319,23301
18,38,ND,North Dakota,142,264,6207
18,54,WV,West Virginia,137,275,5510
18,31,NE,Nebraska,135,226,5889
18,09,CT,Connecticut,130,240,13564
18,02,AK,Alaska,129,209,5252
18,46,SD,South Dakota,111,228,6613
18,30,MT,Montana,105,181,5337
18,11,DC,District Of Columbia,100,121,4802
18,16,ID,Idaho,97,186,5219
18,56,WY,Wyoming,76,144,2990
18,23,ME,Maine,62,103,2866
18,10,DE,Delaware,60,106,3612
18,33,NH,New Hampshire,52,84,3716
18,44,RI,Rhode Island,35,58,2810
18,50,VT,Vermont,27,32,749
19,96,IA,IA Total Migration-US and Foreign,22843,40708,1161428
19,97,IA,IA Total Migration-US,22480,40051,1144276
19,98,IA,IA Total Migration-Foreign,363,657,17152
19,97,IA,IA Total Migration-Same State,29584,51441,1266609
19,19,IA,IA Non-migrants,1153911,2506494,78977221
19,17,IL,Illinois,2978,5243,118963
19,31,NE,Nebraska,2189,4121,90385
19,27,MN,Minnesota,1786,3133,85249
19,48,TX,Texas,1582,2973,80427
19,12,FL,Florida,1141,2071,123967
19,29,MO,Missouri,1127,1977,52642
19,06,CA,California,1105,1827,49990
19,08,CO,Colorado,1092,1695,53999
19,55,WI,Wisconsin,951,1639,50878
19,46,SD,South Dakota,799,1370,43369
19,04,AZ,Arizona,777,1379,50915
19,37,NC,North Carolina,471,848,31649
19,20,KS,Kansas,463,837,22900
19,53,WA,Washington,412,688,21492
19,13,GA,Georgia,385,732,17016
19,18,IN,Indiana,367,704,17713
19,57,FR,Foreign,363,657,17152
19,26,MI,Michigan,354,662,22137
19,39,OH,Ohio,327,642,19110
19,47,TN,Tennessee,323,603,16922
19,36,NY,New York,307,513,12175
19,51,VA,Virginia,279,500,13966
19,40,OK,Oklahoma,268,510,11352
19,41,OR,Oregon,231,395,9873
19,32,NV,Nevada,212,354,9696
19,05,AR,Arkansas,211,415,7347
19,38,ND,North Dakota,196,330,7781
19,42,PA,Pennsylvania,187,345,10821
19,45,SC,South Carolina,186,342,10118
19,21,KY,Kentucky,152,305,5505
19,22,LA,Louisiana,145,271,6117
19,49,UT,Utah,129,255,5514
19,24,MD,Maryland,124,203,6484
19,35,NM,New Mexico,123,245,4378
19,01,AL,Alabama,118,205,4816
19,25,MA,Massachusetts,110,150,6387
19,30,MT,Montana,108,166,4834
19,16,ID,Idaho,99,178,3683
19,34,NJ,New Jersey,97,179,5235
19,28,MS,Mississippi,85,187,2374
19,15,HI,Hawaii,85,162,4670
19,56,WY,Wyoming,83,140,3046
19,02,AK,Alaska,76,153,3234
19,11,DC,District Of Columbia,58,66,2607
19,09,CT,Connecticut,52,91,3293
19,23,ME,Maine,28,59,2125
19,10,DE,Delaware,25,57,1885
19,54,WV,West Virginia,24,41,1946
19,33,NH,New Hampshire,22,37,1219
19,44,RI,Rhode Island,17,32,887
19,50,VT,Vermont,14,21,1184
20,96,KS,KS Total Migration-US and Foreign,30020,57342,1768748
20,97,KS,KS Total Migration-US,29287,55756,1729294
20,98,KS,KS Total Migration-Foreign,733,1586,39454
20,97,KS,KS Total Migration-Same State,25291,46983,1000521
20,20,KS,KS Non-migrants,1043675,2318809,75034450
20,29,MO,Missouri,7191,12601,349401
20,48,TX,Texas,3610,7465,434780
20,40,OK,Oklahoma,2010,4212,90094
20,08,CO,Colorado,1846,3306,89355
20,06,CA,California,1563,2796,79642
20,12,FL,Florida,1327,2494,114195
20,31,NE,Nebraska,828,1574,34567
20,57,FR,Foreign,733,1586,39454
20,13,GA,Georgia,685,1508,36959
20,04,AZ,Arizona,668,1276,49276
20,17,IL,Illinois,656,1114,34462
20,53,WA,Washington,590,1134,32040
20,37,NC,North Carolina,535,1126,29819
20,05,AR,Arkansas,473,878,20396
20,19,IA,Iowa,448,870,21472
20,36,NY,New York,446,770,20749
20,47,TN,Tennessee,427,852,26389
20,51,VA,Virginia,404,776,20722
20,27,MN,Minnesota,399,796,-18273
20,39,OH,Ohio,369,744,18795
20,18,IN,Indiana,297,607,13344
20,41,OR,Oregon,291,509,12695
20,26,MI,Michigan,289,557,12962
20,32,NV,Nevada,277,512,24633
20,42,PA,Pennsylvania,255,479,12296
20,55,WI,Wisconsin,243,483,10662
20,01,AL,Alabama,242,549,12081
20,22,LA,Louisiana,240,458,10335
20,45,SC,South Carolina,238,497,12921
20,35,NM,New Mexico,238,525,11053
20,21,KY,Kentucky,209,447,9471
20,24,MD,Maryland,192,365,10670
20,15,HI,Hawaii,181,429,7152
20,49,UT,Utah,159,333,8257
20,46,SD,South Dakota,155,294,7681
20,25,MA,Massachusetts,151,250,7958
20,34,NJ,New Jersey,149,287,9341
20,38,ND,North Dakota,147,260,6876
20,30,MT,Montana,117,200,4710
20,28,MS,Mississippi,114,229,4202
20,56,WY,Wyoming,110,209,5570
20,16,ID,Idaho,97,205,5914
20,02,AK,Alaska,97,197,4115
20,09,CT,Connecticut,70,131,5318
20,11,DC,District Of Columbia,48,60,2842
20,54,WV,West Virginia,41,69,1821
20,23,ME,Maine,40,81,1931
20,33,NH,New Hampshire,38,72,2657
20,44,RI,Rhode Island,36,85,2473
20,10,DE,Delaware,36,64,1704
20,50,VT,Vermont,15,21,813
21,96,KY,KY Total Migration-US and Foreign,33426,64231,1583382
21,97,KY,KY Total Migration-US,32759,62843,1547519
21,98,KY,KY Total Migration-Foreign,667,1388,35863
21,97,KY,KY Total Migration-Same State,45828,89677,1692864
21,21,KY,KY Non-migrants,1486245,3260782,88859668
21,39,OH,Ohio,4330,7902,181616
21,47,TN,Tennessee,4137,8506,163471
21,18,IN,Indiana,3718,6879,143020
21,12,FL,Florida,3403,6182,246660
21,48,TX,Texas,2149,4520,107714
21,13,GA,Georgia,1284,2645,54003
21,06,CA,California,1158,1969,59642
21,17,IL,Illinois,1098,1912,48796
21,37,NC,North Carolina,1029,2005,46704
21,51,VA,Virginia,806,1583,38393
21,26,MI,Michigan,723,1365,31960
21,57,FR,Foreign,667,1388,35863
21,45,SC,South Carolina,607,1214,32330
21,08,CO,Colorado,604,1156,23898
21,36,NY,New York,603,1039,26740
21,29,MO,Missouri,584,1115,22195
21,01,AL,Alabama,574,1213,27082
21,54,WV,West Virginia,537,1098,17184
21,42,PA,Pennsylvania,432,837,34612
21,53,WA,Washington,430,787,20669
21,04,AZ,Arizona,406,796,35431
21,22,LA,Louisiana,313,608,11798
21,24,MD,Maryland,302,596,14131
21,20,KS,Kansas,250,574,12820
21,55,WI,Wisconsin,242,438,9395
21,28,MS,Mississippi,241,472,10046
21,40,OK,Oklahoma,235,525,9169
21,15,HI,Hawaii,229,547,7891
21,05,AR,Arkansas,210,429,8139
21,34,NJ,New Jersey,194,353,10699
21,25,MA,Massachusetts,192,317,13599
21,27,MN,Minnesota,185,359,9408
21,41,OR,Oregon,175,304,7346
21,32,NV,Nevada,144,259,6457
21,19,IA,Iowa,141,256,6930
21,49,UT,Utah,111,244,5950
21,02,AK,Alaska,105,246,4200
21,35,NM,New Mexico,104,172,3381
21,09,CT,Connecticut,100,138,4479
21,38,ND,North Dakota,91,163,4344
21,31,NE,Nebraska,88,209,3970
21,11,DC,District Of Columbia,77,92,3484
21,16,ID,Idaho,60,131,3148
21,23,ME,Maine,55,94,2010
21,10,DE,Delaware,51,127,2366
21,33,NH,New Hampshire,49,90,1578
21,56,WY,Wyoming,47,71,1796
21,30,MT,Montana,46,85,1760
21,44,RI,Rhode Island,40,85,1891
21,46,SD,South Dakota,38,85,1478
21,50,VT,Vermont,32,51,1736
22,96,LA,LA Total Migration-US and Foreign,33726,64912,1847289
22,97,LA,LA Total Migration-US,33019,63541,1808249
22,98,LA,LA Total Migration-Foreign,707,1371,39040
22,97,LA,LA Total Migration-Same State,55172,110371,2761369
22,22,LA,LA Non-migrants,1543341,3382604,101610627
22,48,TX,Texas,11260,22498,615501
22,28,MS,Mississippi,2639,5444,117342
22,12,FL,Florida,2334,4323,246842
22,06,CA,California,1701,2899,133012
22,13,GA,Georgia,1598,3248,62682
22,05,AR,Arkansas,1003,2036,45362
22,01,AL,Alabama,883,1671,40723
22,47,TN,Tennessee,830,1551,41201
22,37,NC,North Carolina,798,1537,38453
22,36,NY,New York,757,1195,30206
22,08,CO,Colorado,754,1321,36221
22,57,FR,Foreign,707,1371,39040
22,51,VA,Virginia,659,1245,34884
22,17,IL,Illinois,535,961,27299
22,40,OK,Oklahoma,513,1055,27244
22,53,WA,Washington,472,885,20897
22,29,MO,Missouri,456,887,20798
22,39,OH,Ohio,410,773,19001
22,42,PA,Pennsylvania,388,708,20699
22,04,AZ,Arizona,372,704,17848
22,45,SC,South Carolina,354,702,17367
22,24,MD,Maryland,340,593,15875
22,26,MI,Michigan,334,593,14371
22,18,IN,Indiana,277,526,11448
22,32,NV,Nevada,251,486,10203
22,21,KY,Kentucky,249,478,11376
22,20,KS,Kansas,228,508,8262
22,41,OR,Oregon,222,355,9174
22,25,MA,Massachusetts,218,352,10116
22,34,NJ,New Jersey,203,358,9577
22,27,MN,Minnesota,169,291,7940
22,35,NM,New Mexico,167,305,8330
22,55,WI,Wisconsin,153,271,5919
22,15,HI,Hawaii,147,272,6469
22,02,AK,Alaska,143,309,6967
22,19,IA,Iowa,136,287,6258
22,49,UT,Utah,126,244,6459
22,38,ND,North Dakota,120,252,7269
22,31,NE,Nebraska,117,228,5071
22,11,DC,District Of Columbia,115,141,5351
22,09,CT,Connecticut,94,150,4364
22,54,WV,West Virginia,78,166,3090
22,16,ID,Idaho,65,125,2854
22,30,MT,Montana,60,114,3122
22,56,WY,Wyoming,56,112,3511
22,46,SD,South Dakota,56,107,2625
22,23,ME,Maine,47,68,2044
22,10,DE,Delaware,39,61,1995
22,33,NH,New Hampshire,37,57,1680
22,44,RI,Rhode Island,35,56,1661
22,50,VT,Vermont,21,33,1283
23,96,ME,ME Total Migration-US and Foreign,11142,17712,630194
23,97,ME,ME Total Migration-US,10836,17191,615167
23,98,ME,ME Total Migration-Foreign,306,521,15027
23,97,ME,ME Total Migration-Same State,11765,18847,454077
23,23,ME,ME Non-migrants,509468,1013151,30912560
23,12,FL,Florida,1804,2993,159813
23,25,MA,Massachusetts,1375,1940,74614
23,33,NH,New Hampshire,1359,2082,65661
23,36,NY,New York,586,853,34643
23,06,CA,California,553,794,33019
23,48,TX,Texas,466,800,20435
23,37,NC,North Carolina,383,678,23454
23,51,VA,Virginia,317,549,15363
23,09,CT,Connecticut,313,492,13191
23,57,FR,Foreign,306,521,15027
23,42,PA,Pennsylvania,261,399,15136
23,08,CO,Colorado,234,332,9440
23,04,AZ,Arizona,214,364,12827
23,45,SC,South Carolina,210,358,10536
23,13,GA,Georgia,207,399,9651
23,50,VT,Vermont,200,285,7878
23,53,WA,Washington,163,244,7945
23,24,MD,Maryland,152,240,7708
23,34,NJ,New Jersey,144,228,7974
23,47,TN,Tennessee,139,236,6078
23,44,RI,Rhode Island,136,204,6899
23,39,OH,Ohio,131,230,5492
23,17,IL,Illinois,111,172,5314
23,41,OR,Oregon,95,139,2914
23,26,MI,Michigan,87,141,4794
23,27,MN,Minnesota,85,183,2525
23,15,HI,Hawaii,76,136,4681
23,29,MO,Missouri,71,110,3026
23,49,UT,Utah,70,105,3072
23,18,IN,Indiana,59,108,2991
23,11,DC,District Of Columbia,59,78,5349
23,30,MT,Montana,59,81,1599
23,32,NV,Nevada,58,100,3211
23,21,KY,Kentucky,56,102,2426
23,38,ND,North Dakota,54,104,1982
23,01,AL,Alabama,52,86,2041
23,55,WI,Wisconsin,51,97,2533
23,35,NM,New Mexico,51,86,2532
23,22,LA,Louisiana,50,78,2143
23,02,AK,Alaska,49,71,2429
23,40,OK,Oklahoma,43,71,1716
23,20,KS,Kansas,40,81,1397
23,56,WY,Wyoming,36,49,964
23,10,DE,Delaware,28,51,1368
23,05,AR,Arkansas,27,58,1707
23,31,NE,Nebraska,27,47,1080
23,19,IA,Iowa,23,42,737
23,16,ID,Idaho,21,28,421
23,28,MS,Mississippi,21,37,1074
23,46,SD,South Dakota,19,32,1058
23,54,WV,West Virginia,11,18,324
24,96,MD,MD Total Migration-US and Foreign,68384,120783,4381959
24,97,MD,MD Total Migration-US,66432,116841,4247731
24,98,MD,MD Total Migration-Foreign,1952,3942,134227
24,97,MD,MD Total Migration-Same State,63356,114871,3286397
24,24,MD,MD Non-migrants,2244389,4699658,189941228
24,51,VA,Virginia,11758,21117,654965
24,11,DC,District Of Columbia,7186,11554,474939
24,12,FL,Florida,5875,10253,692993
24,42,PA,Pennsylvania,5395,9371,310416
24,36,NY,New York,4111,6947,195107
24,48,TX,Texas,3527,6748,216115
24,06,CA,California,3391,5401,223603
24,37,NC,North Carolina,3086,5817,180171
24,34,NJ,New Jersey,2469,4846,115262
24,10,DE,Delaware,2452,4447,144801
24,13,GA,Georgia,1955,3743,113808
24,57,FR,Foreign,1952,3942,134227
24,54,WV,West Virginia,1555,2811,70026
24,45,SC,South Carolina,1363,2386,87728
24,25,MA,Massachusetts,978,1476,66330
24,39,OH,Ohio,949,1708,53963
24,08,CO,Colorado,930,1529,38021
24,17,IL,Illinois,798,1317,51246
24,53,WA,Washington,783,1321,51358
24,47,TN,Tennessee,743,1355,46575
24,04,AZ,Arizona,597,1041,41095
24,26,MI,Michigan,533,924,33556
24,09,CT,Connecticut,452,735,34474
24,18,IN,Indiana,395,741,23737
24,15,HI,Hawaii,376,709,23466
24,22,LA,Louisiana,363,624,18848
24,01,AL,Alabama,340,647,18685
24,29,MO,Missouri,335,633,20455
24,32,NV,Nevada,332,574,21426
24,21,KY,Kentucky,310,604,15452
24,27,MN,Minnesota,257,417,13550
24,41,OR,Oregon,245,355,15887
24,55,WI,Wisconsin,238,397,13288
24,49,UT,Utah,201,378,19959
24,35,NM,New Mexico,200,366,16252
24,40,OK,Oklahoma,197,383,10239
24,20,KS,Kansas,187,350,10423
24,33,NH,New Hampshire,177,296,21342
24,23,ME,Maine,177,307,13775
24,19,IA,Iowa,146,264,6819
24,28,MS,Mississippi,142,298,7655
24,44,RI,Rhode Island,131,222,9132
24,31,NE,Nebraska,121,234,7557
24,05,AR,Arkansas,115,211,6234
24,02,AK,Alaska,114,196,5833
24,50,VT,Vermont,95,156,9025
24,38,ND,North Dakota,88,151,3412
24,16,ID,Idaho,82,165,5351
24,30,MT,Montana,71,118,3350
24,56,WY,Wyoming,57,105,6936
24,46,SD,South Dakota,54,93,3091
25,96,MA,MA Total Migration-US and Foreign,56998,89799,4409835
25,97,MA,MA Total Migration-US,54831,85816,4173109
25,98,MA,MA Total Migration-Foreign,2167,3983,236726
25,97,MA,MA Total Migration-Same State,65444,102319,4832401
25,25,MA,MA Non-migrants,2610091,5259618,259185151
25,12,FL,Florida,7451,12715,750711
25,33,NH,New Hampshire,5986,9592,475425
25,36,NY,New York,5911,8004,415491
25,06,CA,California,5592,8004,504321
25,44,RI,Rhode Island,3350,5404,193678
25,09,CT,Connecticut,3015,4583,196950
25,48,TX,Texas,2465,4330,168855
25,57,FR,Foreign,2167,3983,236726
25,23,ME,Maine,1624,2441,102687
25,37,NC,North Carolina,1605,2883,111781
25,42,PA,Pennsylvania,1492,2349,115236
25,34,NJ,New Jersey,1449,2322,122842
25,51,VA,Virginia,1304,2087,92765
25,13,GA,Georgia,1057,1869,64204
25,17,IL,Illinois,1022,1492,78186
25,08,CO,Colorado,998,1350,74765
25,53,WA,Washington,911,1349,75052
25,24,MD,Maryland,909,1429,60235
25,50,VT,Vermont,859,1227,54238
25,45,SC,South Carolina,840,1388,63650
25,04,AZ,Arizona,698,1095,60218
25,39,OH,Ohio,646,1132,41421
25,11,DC,District Of Columbia,576,673,40731
25,47,TN,Tennessee,479,782,31892
25,41,OR,Oregon,460,672,30740
25,26,MI,Michigan,444,742,30180
25,27,MN,Minnesota,328,524,18940
25,32,NV,Nevada,273,412,15078
25,15,HI,Hawaii,260,401,15934
25,22,LA,Louisiana,243,369,11317
25,29,MO,Missouri,216,346,15062
25,18,IN,Indiana,216,357,11650
25,55,WI,Wisconsin,213,341,15934
25,21,KY,Kentucky,205,326,11112
25,49,UT,Utah,195,325,15577
25,01,AL,Alabama,171,315,8548
25,35,NM,New Mexico,158,229,8502
25,40,OK,Oklahoma,145,228,6918
25,10,DE,Delaware,123,214,6947
25,20,KS,Kansas,117,202,6542
25,05,AR,Arkansas,114,186,6277
25,02,AK,Alaska,106,155,4907
25,19,IA,Iowa,104,155,5911
25,28,MS,Mississippi,89,155,4266
25,30,MT,Montana,80,111,3342
25,56,WY,Wyoming,74,106,12023
25,16,ID,Idaho,65,111,3895
25,38,ND,North Dakota,52,92,1947
25,31,NE,Nebraska,49,86,2019
25,54,WV,West Virginia,48,84,1843
25,46,SD,South Dakota,44,72,2361
26,96,MI,MI Total Migration-US and Foreign,56544,97747,3037675
26,97,MI,MI Total Migration-US,54696,94158,2896046
26,98,MI,MI Total Migration-Foreign,1848,3589,141629
26,97,MI,MI Total Migration-Same State,107361,189044,4703659
26,26,MI,MI Non-migrants,3663023,7741940,240040055
26,12,FL,Florida,7449,12811,597318
26,48,TX,Texas,5179,9934,173869
26,06,CA,California,3829,6023,223688
26,39,OH,Ohio,3808,6457,176666
26,17,IL,Illinois,3611,5480,200400
26,18,IN,Indiana,3051,5728,137051
26,13,GA,Georgia,2053,3873,94442
26,04,AZ,Arizona,1945,3395,92368
26,37,NC,North Carolina,1851,3294,95255
26,57,FR,Foreign,1848,3589,141629
26,47,TN,Tennessee,1780,3247,84679
26,36,NY,New York,1616,2392,87122
26,55,WI,Wisconsin,1601,2717,76151
26,08,CO,Colorado,1543,2195,69074
26,51,VA,Virginia,1247,2141,65409
26,53,WA,Washington,1079,1714,61127
26,42,PA,Pennsylvania,939,1650,64913
26,45,SC,South Carolina,895,1665,57587
26,21,KY,Kentucky,862,1574,40058
26,27,MN,Minnesota,776,1323,42074
26,32,NV,Nevada,702,1202,31630
26,29,MO,Missouri,656,1148,31848
26,24,MD,Maryland,648,1079,36951
26,01,AL,Alabama,594,1125,22176
26,25,MA,Massachusetts,550,824,37183
26,41,OR,Oregon,514,791,23187
26,38,ND,North Dakota,485,795,21235
26,34,NJ,New Jersey,454,777,31170
26,22,LA,Louisiana,428,812,18381
26,40,OK,Oklahoma,370,687,15042
26,19,IA,Iowa,352,650,13960
26,05,AR,Arkansas,337,660,14807
26,28,MS,Mississippi,311,617,9773
26,20,KS,Kansas,310,566,12080
26,49,UT,Utah,291,529,11314
26,15,HI,Hawaii,276,495,13273
26,11,DC,District Of Columbia,245,272,11893
26,02,AK,Alaska,241,397,10095
26,35,NM,New Mexico,232,418,11594
26,09,CT,Connecticut,231,386,14219
26,30,MT,Montana,209,302,7795
26,31,NE,Nebraska,168,301,8281
26,56,WY,Wyoming,165,265,7266
26,54,WV,West Virginia,165,314,6255
26,46,SD,South Dakota,138,262,8582
26,16,ID,Idaho,132,222,4240
26,33,NH,New Hampshire,103,155,6699
26,23,ME,Maine,88,154,4623
26,10,DE,Delaware,78,157,5022
26,50,VT,Vermont,60,111,3374
26,44,RI,Rhode Island,49,72,2846
27,96,MN,MN Total Migration-US and Foreign,36557,62453,2414865
27,97,MN,MN Total Migration-US,35564,60567,2348743
27,98,MN,MN Total Migration-Foreign,993,1886,66122
27,97,MN,MN Total Migration-Same State,75284,128399,3614664
27,27,MN,MN Non-migrants,2103548,4492685,168262741
27,55,WI,Wisconsin,4296,7194,232753
27,38,ND,North Dakota,3364,5200,166208
27,06,CA,California,2878,4579,196146
27,12,FL,Florida,2653,4650,322304
27,48,TX,Texas,2562,4985,178757
27,04,AZ,Arizona,1738,3055,152717
27,17,IL,Illinois,1562,2656,89499
27,19,IA,Iowa,1489,2666,73407
27,08,CO,Colorado,1482,2222,80966
27,46,SD,South Dakota,1182,2107,78490
27,53,WA,Washington,1039,1704,67743
27,57,FR,Foreign,993,1886,66122
27,36,NY,New York,867,1211,53167
27,37,NC,North Carolina,677,1308,46869
27,13,GA,Georgia,646,1225,53718
27,26,MI,Michigan,602,1040,33705
27,51,VA,Virginia,550,946,41569
27,41,OR,Oregon,511,770,28244
27,29,MO,Missouri,495,899,27506
27,39,OH,Ohio,471,842,28517
27,32,NV,Nevada,449,753,34716
27,47,TN,Tennessee,429,751,25945
27,18,IN,Indiana,419,828,26533
27,42,PA,Pennsylvania,417,700,29243
27,31,NE,Nebraska,395,703,18021
27,25,MA,Massachusetts,325,536,27277
27,20,KS,Kansas,308,581,17241
27,30,MT,Montana,295,450,11093
27,34,NJ,New Jersey,268,499,23503
27,24,MD,Maryland,263,426,16204
27,49,UT,Utah,245,435,13857
27,45,SC,South Carolina,243,450,15195
27,40,OK,Oklahoma,223,428,14186
27,21,KY,Kentucky,207,381,9827
27,05,AR,Arkansas,203,439,13594
27,02,AK,Alaska,188,297,7874
27,15,HI,Hawaii,182,279,10897
27,22,LA,Louisiana,181,300,7114
27,35,NM,New Mexico,176,274,9348
27,16,ID,Idaho,151,279,7230
27,11,DC,District Of Columbia,144,161,8787
27,09,CT,Connecticut,137,251,12237
27,01,AL,Alabama,133,252,7129
27,56,WY,Wyoming,130,199,9011
27,28,MS,Mississippi,109,205,3949
27,23,ME,Maine,64,100,3027
27,44,RI,Rhode Island,51,74,2995
27,33,NH,New Hampshire,47,85,3261
27,10,DE,Delaware,43,75,4343
27,50,VT,Vermont,42,67,1643
27,54,WV,West Virginia,33,50,1179
28,96,MS,MS Total Migration-US and Foreign,25860,51320,1106545
28,97,MS,MS Total Migration-US,25402,50482,1090329
28,98,MS,MS Total Migration-Foreign,458,838,16216
28,97,MS,MS Total Migration-Same State,34898,73138,1241350
28,28,MS,MS Non-migrants,963915,2176566,51150828
28,47,TN,Tennessee,4201,8324,161433
28,48,TX,Texas,3882,8020,169392
28,22,LA,Louisiana,3020,5828,128442
28,01,AL,Alabama,2212,4562,90723
28,12,FL,Florida,1825,3633,104765
28,13,GA,Georgia,1459,2980,56907
28,06,CA,California,837,1553,37603
28,05,AR,Arkansas,732,1518,27993
28,37,NC,North Carolina,567,1114,23551
28,17,IL,Illinois,556,1107,17271
28,51,VA,Virginia,547,1033,23219
28,57,FR,Foreign,458,838,16216
28,29,MO,Missouri,378,742,14550
28,08,CO,Colorado,346,629,15647
28,36,NY,New York,320,557,30741
28,39,OH,Ohio,307,587,11145
28,40,OK,Oklahoma,297,672,12055
28,45,SC,South Carolina,294,593,15672
28,26,MI,Michigan,279,542,8587
28,04,AZ,Arizona,276,536,9947
28,21,KY,Kentucky,270,568,9866
28,18,IN,Indiana,245,484,8175
28,53,WA,Washington,242,472,8877
28,42,PA,Pennsylvania,211,435,7559
28,55,WI,Wisconsin,180,358,4665
28,24,MD,Maryland,179,322,8113
28,32,NV,Nevada,171,308,6491
28,19,IA,Iowa,148,318,5639
28,20,KS,Kansas,131,269,4161
28,27,MN,Minnesota,120,236,4729
28,34,NJ,New Jersey,97,170,5549
28,15,HI,Hawaii,96,170,3485
28,41,OR,Oregon,93,168,8345
28,38,ND,North Dakota,86,181,4581
28,25,MA,Massachusetts,85,141,3703
28,35,NM,New Mexico,83,150,4722
28,02,AK,Alaska,76,149,3216
28,31,NE,Nebraska,70,145,2665
28,49,UT,Utah,63,135,2566
28,11,DC,District Of Columbia,59,79,3404
28,54,WV,West Virginia,58,105,2667
28,56,WY,Wyoming,46,89,6382
28,16,ID,Idaho,42,74,1336
28,30,MT,Montana,41,80,2209
28,09,CT,Connecticut,39,64,1742
28,46,SD,South Dakota,30,63,1008
28,10,DE,Delaware,28,59,1334
28,23,ME,Maine,25,49,1241
28,33,NH,New Hampshire,21,43,1044
28,44,RI,Rhode Island,17,43,812
28,50,VT,Vermont,15,25,402
29,96,MO,MO Total Migration-US and Foreign,47571,86755,2448151
29,97,MO,MO Total Migration-US,46609,84900,2393159
29,98,MO,MO Total Migration-Foreign,962,1855,54991
29,97,MO,MO Total Migration-Same State,73688,136463,2785986
29,29,MO,MO Non-migrants,2135644,4555741,139134831
29,20,KS,Kansas,6831,12158,344619
29,48,TX,Texas,5088,9739,272385
29,17,IL,Illinois,4889,8414,214392
29,12,FL,Florida,3271,5820,280468
29,06,CA,California,2735,4459,141287
29,05,AR,Arkansas,2080,4151,74437
29,08,CO,Colorado,1646,2782,73516
29,40,OK,Oklahoma,1440,2916,34536
29,19,IA,Iowa,1154,2186,46028
29,47,TN,Tennessee,1146,2199,55358
29,04,AZ,Arizona,1143,2055,58683
29,13,GA,Georgia,1133,2223,55325
29,57,FR,Foreign,962,1855,54991
29,37,NC,North Carolina,900,1684,46575
29,53,WA,Washington,870,1600,44301
29,36,NY,New York,816,1240,70365
29,39,OH,Ohio,750,1343,37492
29,51,VA,Virginia,732,1337,36268
29,18,IN,Indiana,727,1343,32636
29,31,NE,Nebraska,642,1173,32549
29,26,MI,Michigan,627,1132,29380
29,27,MN,Minnesota,553,1045,26785
29,21,KY,Kentucky,552,1048,20447
29,22,LA,Louisiana,504,954,22343
29,55,WI,Wisconsin,502,891,20524
29,01,AL,Alabama,459,901,20884
29,42,PA,Pennsylvania,453,818,35800
29,32,NV,Nevada,440,739,19656
29,45,SC,South Carolina,435,900,25410
29,41,OR,Oregon,403,682,16537
29,28,MS,Mississippi,363,720,13999
29,24,MD,Maryland,337,603,21321
29,15,HI,Hawaii,292,611,12991
29,35,NM,New Mexico,290,569,13496
29,25,MA,Massachusetts,290,493,23224
29,49,UT,Utah,264,543,18426
29,34,NJ,New Jersey,264,478,18882
29,38,ND,North Dakota,229,470,12023
29,46,SD,South Dakota,193,356,10402
29,02,AK,Alaska,189,372,8297
29,16,ID,Idaho,157,288,6994
29,56,WY,Wyoming,137,254,4943
29,30,MT,Montana,133,291,5825
29,09,CT,Connecticut,128,239,9335
29,11,DC,District Of Columbia,127,150,7148
29,54,WV,West Virginia,78,154,2767
29,23,ME,Maine,58,99,4272
29,33,NH,New Hampshire,53,100,3588
29,10,DE,Delaware,39,75,2130
29,44,RI,Rhode Island,35,57,2576
29,50,VT,Vermont,32,46,1535
30,96,MT,MT Total Migration-US and Foreign,11002,19103,539906
30,97,MT,MT Total Migration-US,10764,18675,529422
30,98,MT,MT Total Migration-Foreign,238,428,10484
30,97,MT,MT Total Migration-Same State,9575,16461,385573
30,30,MT,MT Non-migrants,385518,789405,24325769
30,53,WA,Washington,1324,2211,56286
30,06,CA,California,876,1459,57800
30,38,ND,North Dakota,725,1308,42802
30,08,CO,Colorado,686,1042,32014
30,16,ID,Idaho,653,1262,27629
30,41,OR,Oregon,617,981,22489
30,48,TX,Texas,573,1085,34536
30,04,AZ,Arizona,566,980,29657
30,56,WY,Wyoming,531,966,28910
30,12,FL,Florida,369,639,17333
30,49,UT,Utah,323,581,14991
30,32,NV,Nevada,288,517,14609
30,27,MN,Minnesota,271,430,12095
30,57,FR,Foreign,238,428,10484
30,02,AK,Alaska,212,348,13003
30,46,SD,South Dakota,173,351,8717
30,26,MI,Michigan,157,260,6083
30,37,NC,North Carolina,151,260,7432
30,36,NY,New York,143,186,5720
30,17,IL,Illinois,142,231,6146
30,29,MO,Missouri,125,251,4955
30,51,VA,Virginia,123,216,5862
30,39,OH,Ohio,121,194,4402
30,55,WI,Wisconsin,119,219,7000
30,13,GA,Georgia,117,208,4350
30,35,NM,New Mexico,107,172,5473
30,40,OK,Oklahoma,104,211,4567
30,47,TN,Tennessee,98,187,5828
30,42,PA,Pennsylvania,95,149,4004
30,15,HI,Hawaii,87,170,6128
30,31,NE,Nebraska,81,140,3435
30,19,IA,Iowa,81,163,3271
30,20,KS,Kansas,68,130,4910
30,25,MA,Massachusetts,66,81,3332
30,45,SC,South Carolina,63,109,3755
30,24,MD,Maryland,63,106,2329
30,18,IN,Indiana,63,134,1928
30,01,AL,Alabama,56,116,2494
30,22,LA,Louisiana,50,109,1983
30,21,KY,Kentucky,50,87,1553
30,05,AR,Arkansas,42,84,1395
30,28,MS,Mississippi,40,91,1866
30,50,VT,Vermont,32,43,948
30,23,ME,Maine,32,42,924
30,34,NJ,New Jersey,29,55,1266
30,11,DC,District Of Columbia,27,33,1273
30,33,NH,New Hampshire,26,41,1134
30,54,WV,West Virginia,19,37,804
30,09,CT,Connecticut,-1,-1,-1
30,10,DE,Delaware,-1,-1,-1
30,44,RI,Rhode Island,-1,-1,-1
31,96,NE,NE Total Migration-US and Foreign,15645,28652,835985
31,97,NE,NE Total Migration-US,15286,27982,818516
31,98,NE,NE Total Migration-Foreign,359,670,17469
31,97,NE,NE Total Migration-Same State,18935,33814,787464
31,31,NE,NE Non-migrants,698628,1548323,50179715
31,19,IA,Iowa,2078,3906,87290
31,48,TX,Texas,1499,2997,119181
31,08,CO,Colorado,1481,2488,73318
31,06,CA,California,917,1627,50260
31,12,FL,Florida,804,1418,37316
31,20,KS,Kansas,777,1444,36039
31,29,MO,Missouri,671,1206,39244
31,46,SD,South Dakota,666,1171,37913
31,04,AZ,Arizona,588,1064,48635
31,27,MN,Minnesota,507,988,22608
31,17,IL,Illinois,440,749,23102
31,57,FR,Foreign,359,670,17469
31,53,WA,Washington,326,590,15457
31,56,WY,Wyoming,312,565,14393
31,13,GA,Georgia,264,527,11914
31,37,NC,North Carolina,228,437,11107
31,39,OH,Ohio,218,427,16132
31,40,OK,Oklahoma,213,398,9563
31,36,NY,New York,206,287,8150
31,51,VA,Virginia,204,352,10634
31,32,NV,Nevada,200,351,10133
31,47,TN,Tennessee,192,350,17539
31,41,OR,Oregon,182,316,6538
31,38,ND,North Dakota,174,323,8905
31,55,WI,Wisconsin,163,307,7771
31,49,UT,Utah,146,317,8306
31,18,IN,Indiana,146,275,7016
31,42,PA,Pennsylvania,144,233,5890
31,26,MI,Michigan,138,254,5864
31,05,AR,Arkansas,126,269,6040
31,24,MD,Maryland,123,227,5709
31,45,SC,South Carolina,116,221,5707
31,35,NM,New Mexico,102,192,4747
31,30,MT,Montana,94,194,4021
31,22,LA,Louisiana,92,152,3499
31,21,KY,Kentucky,88,158,4035
31,16,ID,Idaho,80,170,4164
31,01,AL,Alabama,75,149,3165
31,15,HI,Hawaii,74,127,2946
31,34,NJ,New Jersey,73,133,3490
31,02,AK,Alaska,69,133,3047
31,28,MS,Mississippi,63,135,2292
31,25,MA,Massachusetts,61,95,7255
31,11,DC,District Of Columbia,35,39,1523
31,09,CT,Connecticut,34,60,1438
31,33,NH,New Hampshire,19,23,887
31,44,RI,Rhode Island,18,32,1115
31,23,ME,Maine,18,32,842
31,54,WV,West Virginia,15,29,619
31,10,DE,Delaware,14,23,730
31,50,VT,Vermont,13,22,1031
32,96,NV,NV Total Migration-US and Foreign,36257,66713,1926343
32,97,NV,NV Total Migration-US,35360,65017,1872554
32,98,NV,NV Total Migration-Foreign,897,1696,53789
32,97,NV,NV Total Migration-Same State,6956,12757,305821
32,32,NV,NV Non-migrants,1031245,2210594,67472097
32,06,CA,California,10534,19061,499590
32,48,TX,Texas,2885,5575,172287
32,04,AZ,Arizona,2405,4544,121927
32,12,FL,Florida,1949,3317,203724
32,53,WA,Washington,1747,3226,95854
32,49,UT,Utah,1642,3470,75875
32,08,CO,Colorado,1311,2388,66711
32,41,OR,Oregon,1189,2148,52289
32,57,FR,Foreign,897,1696,53789
32,16,ID,Idaho,808,1659,36404
32,17,IL,Illinois,720,1198,34953
32,36,NY,New York,678,1058,34180
32,15,HI,Hawaii,649,1150,28727
32,13,GA,Georgia,568,1104,22093
32,51,VA,Virginia,476,908,36063
32,26,MI,Michigan,466,874,21833
32,39,OH,Ohio,465,819,19433
32,37,NC,North Carolina,461,859,20691
32,35,NM,New Mexico,419,868,21182
32,42,PA,Pennsylvania,404,688,36222
32,47,TN,Tennessee,348,628,19425
32,40,OK,Oklahoma,328,614,13260
32,29,MO,Missouri,317,603,16449
32,27,MN,Minnesota,303,530,14941
32,30,MT,Montana,295,516,19204
32,55,WI,Wisconsin,270,417,12119
32,34,NJ,New Jersey,263,425,10951
32,02,AK,Alaska,263,489,12816
32,22,LA,Louisiana,247,452,9788
32,24,MD,Maryland,245,428,12293
32,18,IN,Indiana,232,435,9432
32,56,WY,Wyoming,222,417,12146
32,45,SC,South Carolina,221,414,11256
32,25,MA,Massachusetts,220,340,11399
32,38,ND,North Dakota,206,432,13624
32,20,KS,Kansas,192,346,8915
32,05,AR,Arkansas,169,353,6111
32,01,AL,Alabama,166,299,7457
32,21,KY,Kentucky,159,306,8864
32,19,IA,Iowa,152,259,6713
32,31,NE,Nebraska,147,303,8162
32,46,SD,South Dakota,115,227,4915
32,28,MS,Mississippi,112,208,4396
32,09,CT,Connecticut,92,154,5143
32,11,DC,District Of Columbia,63,89,2389
32,33,NH,New Hampshire,54,96,2930
32,23,ME,Maine,50,78,1892
32,54,WV,West Virginia,44,104,1825
32,44,RI,Rhode Island,32,51,1442
32,10,DE,Delaware,29,55,1203
32,50,VT,Vermont,28,35,1056
33,96,NH,NH Total Migration-US and Foreign,16350,25366,1318416
33,97,NH,NH Total Migration-US,15983,24715,1294294
33,98,NH,NH Total Migration-Foreign,367,651,24122
33,97,NH,NH Total Migration-Same State,11116,17613,556564
33,33,NH,NH Non-migrants,536815,1079325,42795928
33,25,MA,Massachusetts,4611,6593,268657
33,12,FL,Florida,1909,3172,256845
33,23,ME,Maine,1445,2252,60719
33,50,VT,Vermont,976,1526,39522
33,36,NY,New York,738,1027,39075
33,06,CA,California,736,1051,44160
33,37,NC,North Carolina,481,865,276590
33,48,TX,Texas,466,796,33418
33,57,FR,Foreign,367,651,24122
33,09,CT,Connecticut,365,537,21349
33,51,VA,Virginia,352,571,19759
33,08,CO,Colorado,327,461,17181
33,45,SC,South Carolina,277,445,17091
33,42,PA,Pennsylvania,265,431,13825
33,44,RI,Rhode Island,221,330,13851
33,04,AZ,Arizona,221,354,13786
33,34,NJ,New Jersey,205,360,17017
33,13,GA,Georgia,201,399,11593
33,53,WA,Washington,196,283,11142
33,39,OH,Ohio,156,275,9426
33,47,TN,Tennessee,150,256,7659
33,24,MD,Maryland,145,252,8777
33,41,OR,Oregon,116,169,5057
33,17,IL,Illinois,111,193,11159
33,26,MI,Michigan,108,182,7259
33,32,NV,Nevada,103,156,14010
33,49,UT,Utah,88,144,4730
33,18,IN,Indiana,66,102,3778
33,15,HI,Hawaii,65,100,3008
33,11,DC,District Of Columbia,63,69,3356
33,27,MN,Minnesota,62,98,3819
33,20,KS,Kansas,58,107,2710
33,40,OK,Oklahoma,56,96,2596
33,21,KY,Kentucky,56,112,2374
33,29,MO,Missouri,53,88,2513
33,22,LA,Louisiana,49,80,3115
33,35,NM,New Mexico,47,68,1918
33,55,WI,Wisconsin,46,73,2118
33,02,AK,Alaska,43,66,1899
33,30,MT,Montana,42,64,1661
33,01,AL,Alabama,42,68,1548
33,16,ID,Idaho,38,58,1762
33,10,DE,Delaware,35,65,2733
33,19,IA,Iowa,30,55,1075
33,56,WY,Wyoming,29,37,962
33,54,WV,West Virginia,27,47,1371
33,05,AR,Arkansas,25,46,1467
33,31,NE,Nebraska,24,36,1312
33,38,ND,North Dakota,23,36,861
33,28,MS,Mississippi,20,33,1235
33,46,SD,South Dakota,15,31,1446
34,96,NJ,NJ Total Migration-US and Foreign,85854,149229,7362259
34,97,NJ,NJ Total Migration-US,83295,143664,7078183
34,98,NJ,NJ Total Migration-Foreign,2559,5565,284076
34,97,NJ,NJ Total Migration-Same State,84812,149199,5963003
34,34,NJ,NJ Non-migrants,3375608,7264590,319962308
34,36,NY,New York,19562,30363,1538981
34,12,FL,Florida,12348,22202,1494652
34,42,PA,Pennsylvania,11846,20147,894385
34,06,CA,California,4934,8042,470097
34,48,TX,Texas,4154,8431,340860
34,37,NC,North Carolina,3464,6614,232584
34,24,MD,Maryland,2838,5397,160558
34,51,VA,Virginia,2765,4887,192249
34,57,FR,Foreign,2559,5565,284076
34,13,GA,Georgia,2267,4433,132886
34,25,MA,Massachusetts,2075,3271,187356
34,45,SC,South Carolina,1699,3143,122386
34,09,CT,Connecticut,1518,2611,146750
34,10,DE,Delaware,1288,2296,141678
34,17,IL,Illinois,1170,2057,112998
34,08,CO,Colorado,976,1541,81271
34,39,OH,Ohio,900,1704,58444
34,04,AZ,Arizona,863,1500,81949
34,53,WA,Washington,792,1343,63530
34,47,TN,Tennessee,669,1252,34988
34,32,NV,Nevada,559,956,69543
34,26,MI,Michigan,550,1045,42980
34,11,DC,District Of Columbia,520,618,31753
34,18,IN,Indiana,388,823,23894
34,27,MN,Minnesota,340,612,69228
34,44,RI,Rhode Island,321,563,19130
34,22,LA,Louisiana,309,496,7726
34,33,NH,New Hampshire,295,506,24007
34,29,MO,Missouri,291,515,18331
34,55,WI,Wisconsin,287,543,6621
34,41,OR,Oregon,286,460,27902
34,21,KY,Kentucky,275,511,15867
34,15,HI,Hawaii,266,432,14791
34,23,ME,Maine,264,418,17017
34,01,AL,Alabama,261,489,12404
34,50,VT,Vermont,227,357,18575
34,49,UT,Utah,184,336,33555
34,20,KS,Kansas,182,323,9786
34,54,WV,West Virginia,176,303,8654
34,40,OK,Oklahoma,158,287,9391
34,05,AR,Arkansas,147,291,11201
34,19,IA,Iowa,141,250,8784
34,35,NM,New Mexico,120,180,6721
34,28,MS,Mississippi,119,242,4487
34,38,ND,North Dakota,112,201,3819
34,02,AK,Alaska,86,131,3791
34,31,NE,Nebraska,81,158,6173
34,30,MT,Montana,71,117,5614
34,16,ID,Idaho,66,118,4948
34,46,SD,South Dakota,48,88,2913
34,56,WY,Wyoming,37,61,49979
35,96,NM,NM Total Migration-US and Foreign,24125,47287,1193139
35,97,NM,NM Total Migration-US,23487,46051,1163395
35,98,NM,NM Total Migration-Foreign,638,1236,29744
35,97,NM,NM Total Migration-Same State,17330,35359,638900
35,35,NM,NM Non-migrants,711555,1528166,41029265
35,48,TX,Texas,6127,12879,332556
35,04,AZ,Arizona,3096,6669,122753
35,08,CO,Colorado,2289,4313,110271
35,06,CA,California,2105,3637,98846
35,12,FL,Florida,990,1768,51514
35,53,WA,Washington,680,1180,36016
35,57,FR,Foreign,638,1236,29744
35,32,NV,Nevada,549,1032,24375
35,40,OK,Oklahoma,537,1112,25663
35,41,OR,Oregon,475,856,26338
35,49,UT,Utah,459,1014,18443
35,36,NY,New York,388,612,16712
35,13,GA,Georgia,355,719,15351
35,51,VA,Virginia,325,637,20900
35,17,IL,Illinois,318,591,16375
35,37,NC,North Carolina,308,589,16053
35,29,MO,Missouri,289,531,13562
35,39,OH,Ohio,225,421,11525
35,42,PA,Pennsylvania,222,379,11469
35,47,TN,Tennessee,211,410,17479
35,20,KS,Kansas,210,452,9680
35,16,ID,Idaho,186,397,8878
35,22,LA,Louisiana,181,328,8482
35,24,MD,Maryland,176,309,10125
35,25,MA,Massachusetts,172,286,10705
35,18,IN,Indiana,166,317,8107
35,26,MI,Michigan,164,276,6874
35,56,WY,Wyoming,153,345,7244
35,45,SC,South Carolina,153,294,9023
35,30,MT,Montana,149,291,7461
35,15,HI,Hawaii,144,261,7794
35,01,AL,Alabama,143,310,7926
35,27,MN,Minnesota,142,242,5950
35,31,NE,Nebraska,129,263,6287
35,55,WI,Wisconsin,128,215,6671
35,02,AK,Alaska,128,254,7385
35,05,AR,Arkansas,124,244,6265
35,38,ND,North Dakota,107,208,5616
35,19,IA,Iowa,105,211,4439
35,34,NJ,New Jersey,100,175,4292
35,21,KY,Kentucky,99,201,4355
35,46,SD,South Dakota,87,187,4884
35,28,MS,Mississippi,86,156,3525
35,11,DC,District Of Columbia,65,83,3478
35,09,CT,Connecticut,58,105,2192
35,54,WV,West Virginia,39,62,2637
35,50,VT,Vermont,38,52,1722
35,33,NH,New Hampshire,33,48,1099
35,23,ME,Maine,33,65,2412
35,10,DE,Delaware,30,47,1095
35,44,RI,Rhode Island,11,18,589
36,96,NY,NY Total Migration-US and Foreign,167990,288250,13755056
36,97,NY,NY Total Migration-US,160919,275234,12872102
36,98,NY,NY Total Migration-Foreign,7071,13016,882955
36,97,NY,NY Total Migration-Same State,196270,335737,12748492
36,36,NY,NY Non-migrants,7522592,15210935,682477717
36,12,FL,Florida,25996,44983,2620649
36,34,NJ,New Jersey,23156,41189,2040964
36,06,CA,California,14595,20913,1498625
36,42,PA,Pennsylvania,11063,20049,567441
36,48,TX,Texas,9655,17717,694641
36,09,CT,Connecticut,8339,15055,1016401
36,37,NC,North Carolina,7788,14332,413128
36,57,FR,Foreign,7071,13016,882955
36,25,MA,Massachusetts,6554,9807,526681
36,13,GA,Georgia,5693,10822,288417
36,51,VA,Virginia,5440,9317,303542
36,24,MD,Maryland,4289,7331,242637
36,45,SC,South Carolina,3175,5635,189191
36,17,IL,Illinois,2957,4518,272996
36,08,CO,Colorado,2619,3877,225312
36,39,OH,Ohio,2613,4641,128470
36,04,AZ,Arizona,2168,3601,132820
36,53,WA,Washington,2145,3341,161676
36,47,TN,Tennessee,1806,3192,101817
36,26,MI,Michigan,1589,2944,82920
36,11,DC,District Of Columbia,1441,1746,129259
36,32,NV,Nevada,1256,1984,78800
36,50,VT,Vermont,1072,1576,55815
36,41,OR,Oregon,1040,1483,63785
36,18,IN,Indiana,942,1739,45284
36,22,LA,Louisiana,923,1561,45392
36,44,RI,Rhode Island,900,1494,250743
36,33,NH,New Hampshire,895,1460,74842
36,10,DE,Delaware,875,1596,63796
36,27,MN,Minnesota,859,1455,57614
36,29,MO,Missouri,799,1385,46251
36,01,AL,Alabama,772,1518,34582
36,23,ME,Maine,767,1217,50094
36,15,HI,Hawaii,741,1247,31416
36,21,KY,Kentucky,738,1450,35845
36,55,WI,Wisconsin,706,1150,36811
36,40,OK,Oklahoma,522,973,21940
36,49,UT,Utah,452,749,25133
36,20,KS,Kansas,447,864,22298
36,35,NM,New Mexico,427,647,37185
36,19,IA,Iowa,359,665,17048
36,02,AK,Alaska,328,555,12288
36,28,MS,Mississippi,325,610,13657
36,05,AR,Arkansas,299,564,15070
36,54,WV,West Virginia,288,508,12393
36,31,NE,Nebraska,227,408,11373
36,30,MT,Montana,224,340,21183
36,38,ND,North Dakota,215,311,8693
36,16,ID,Idaho,186,316,11323
36,56,WY,Wyoming,142,214,27415
36,46,SD,South Dakota,112,185,6444
37,96,NC,NC Total Migration-US and Foreign,85926,162379,4405975
37,97,NC,NC Total Migration-US,83219,156596,4234843
37,98,NC,NC Total Migration-Foreign,2707,5783,171132
37,97,NC,NC Total Migration-Same State,112525,217460,4845978
37,37,NC,NC Non-migrants,3385275,7456503,218584505
37,45,SC,South Carolina,10410,20144,556239
37,12,FL,Florida,9428,17351,567708
37,51,VA,Virginia,7601,14316,330047
37,48,TX,Texas,6266,12931,341251
37,13,GA,Georgia,5808,11207,272361
37,06,CA,California,4548,8273,280100
37,36,NY,New York,4520,7721,215455
37,47,TN,Tennessee,2874,5519,144770
37,57,FR,Foreign,2707,5783,171132
37,42,PA,Pennsylvania,2498,4484,119837
37,24,MD,Maryland,2308,4129,102791
37,39,OH,Ohio,2186,4104,110142
37,34,NJ,New Jersey,1674,3096,82106
37,08,CO,Colorado,1626,2808,83567
37,17,IL,Illinois,1460,2609,79538
37,26,MI,Michigan,1363,2573,65090
37,53,WA,Washington,1355,2549,78363
37,25,MA,Massachusetts,1155,1892,67511
37,04,AZ,Arizona,1085,2098,60867
37,01,AL,Alabama,1056,2158,49972
37,21,KY,Kentucky,987,2045,43286
37,18,IN,Indiana,944,1865,40413
37,22,LA,Louisiana,842,1698,30017
37,29,MO,Missouri,836,1667,36590
37,54,WV,West Virginia,700,1338,23486
37,09,CT,Connecticut,700,1249,38491
37,55,WI,Wisconsin,625,1139,30361
37,15,HI,Hawaii,601,1250,22495
37,40,OK,Oklahoma,573,1216,23439
37,27,MN,Minnesota,573,1005,31019
37,32,NV,Nevada,553,1031,25885
37,41,OR,Oregon,551,909,27200
37,11,DC,District Of Columbia,549,724,32917
37,20,KS,Kansas,511,1090,23118
37,28,MS,Mississippi,474,977,20256
37,05,AR,Arkansas,365,748,15841
37,02,AK,Alaska,349,767,14123
37,19,IA,Iowa,346,673,14316
37,33,NH,New Hampshire,319,517,12585
37,49,UT,Utah,314,621,14659
37,10,DE,Delaware,296,534,12668
37,35,NM,New Mexico,292,513,12983
37,23,ME,Maine,276,470,15204
37,38,ND,North Dakota,232,421,9408
37,16,ID,Idaho,201,416,8216
37,44,RI,Rhode Island,198,340,8322
37,31,NE,Nebraska,187,364,8161
37,30,MT,Montana,178,297,6983
37,46,SD,South Dakota,155,279,7232
37,50,VT,Vermont,148,252,7309
37,56,WY,Wyoming,123,219,10143
38,96,ND,ND Total Migration-US and Foreign,11808,21171,636410
38,97,ND,ND Total Migration-US,11540,20701,625998
38,98,ND,ND Total Migration-Foreign,268,470,10411
38,97,ND,ND Total Migration-Same State,7724,12943,423846
38,38,ND,ND Non-migrants,283016,585612,24354011
38,27,MN,Minnesota,2985,4894,131117
38,48,TX,Texas,703,1425,45831
38,30,MT,Montana,664,1172,41619
38,08,CO,Colorado,611,1115,40518
38,06,CA,California,522,857,24538
38,46,SD,South Dakota,504,954,29284
38,53,WA,Washington,473,823,31623
38,04,AZ,Arizona,466,851,30818
38,12,FL,Florida,423,764,24317
38,16,ID,Idaho,290,565,16258
38,57,FR,Foreign,268,470,10411
38,55,WI,Wisconsin,255,434,13557
38,26,MI,Michigan,242,412,12982
38,56,WY,Wyoming,234,465,16503
38,41,OR,Oregon,220,357,9274
38,49,UT,Utah,200,465,11881
38,32,NV,Nevada,185,376,9770
38,19,IA,Iowa,180,333,6685
38,40,OK,Oklahoma,158,332,8708
38,31,NE,Nebraska,154,301,15447
38,13,GA,Georgia,153,317,8354
38,39,OH,Ohio,145,249,5869
38,29,MO,Missouri,145,264,9624
38,17,IL,Illinois,145,206,5936
38,36,NY,New York,128,202,5619
38,37,NC,North Carolina,121,234,7163
38,51,VA,Virginia,103,191,5213
38,42,PA,Pennsylvania,99,172,6170
38,18,IN,Indiana,97,160,4917
38,47,TN,Tennessee,95,177,4623
38,20,KS,Kansas,83,179,4245
38,22,LA,Louisiana,82,167,4549
38,35,NM,New Mexico,80,180,4289
38,05,AR,Arkansas,72,127,3984
38,45,SC,South Carolina,62,108,2562
38,28,MS,Mississippi,57,145,3139
38,02,AK,Alaska,57,94,3227
38,01,AL,Alabama,54,113,2763
38,21,KY,Kentucky,51,85,2432
38,24,MD,Maryland,47,84,1965
38,15,HI,Hawaii,41,77,1703
38,34,NJ,New Jersey,40,86,1510
38,25,MA,Massachusetts,33,50,1823
38,09,CT,Connecticut,23,24,1007
38,54,WV,West Virginia,22,46,1194
38,23,ME,Maine,18,41,820
38,10,DE,Delaware,18,28,565
38,33,NH,New Hampshire,-1,-1,-1
38,50,VT,Vermont,-1,-1,-1
38,44,RI,Rhode Island,-1,-1,-1
38,11,DC,District Of Columbia,-1,-1,-1
39,96,OH,OH Total Migration-US and Foreign,68390,119437,4123347
39,97,OH,OH Total Migration-US,66587,115997,4001375
39,98,OH,OH Total Migration-Foreign,1803,3440,121972
39,97,OH,OH Total Migration-Same State,113480,197937,5053891
39,39,OH,OH Non-migrants,4407336,9055218,283638722
39,12,FL,Florida,9056,15742,840774
39,48,TX,Texas,4857,9196,348313
39,21,KY,Kentucky,4617,8330,194889
39,06,CA,California,3790,6035,221051
39,26,MI,Michigan,3570,6315,194185
39,18,IN,Indiana,3563,6558,171329
39,42,PA,Pennsylvania,3159,5405,162189
39,37,NC,North Carolina,3026,5404,165693
39,13,GA,Georgia,2599,4826,138791
39,17,IL,Illinois,2550,3958,168429
39,36,NY,New York,2326,3521,111105
39,47,TN,Tennessee,2092,3785,122906
39,54,WV,West Virginia,2008,3713,73184
39,51,VA,Virginia,1958,3373,104474
39,57,FR,Foreign,1803,3440,121972
39,45,SC,South Carolina,1725,3124,110596
39,04,AZ,Arizona,1618,2787,100190
39,08,CO,Colorado,1588,2491,83649
39,53,WA,Washington,1051,1731,58866
39,24,MD,Maryland,971,1573,50223
39,29,MO,Missouri,749,1355,41077
39,34,NJ,New Jersey,716,1251,50843
39,01,AL,Alabama,713,1430,29911
39,25,MA,Massachusetts,688,1021,55202
39,32,NV,Nevada,637,1074,38180
39,55,WI,Wisconsin,574,988,29884
39,22,LA,Louisiana,515,867,22626
39,41,OR,Oregon,507,746,26287
39,27,MN,Minnesota,483,854,29363
39,40,OK,Oklahoma,390,754,17760
39,20,KS,Kansas,342,623,17666
39,09,CT,Connecticut,324,554,22476
39,49,UT,Utah,314,567,16526
39,28,MS,Mississippi,314,588,18026
39,05,AR,Arkansas,295,562,19631
39,15,HI,Hawaii,292,506,10364
39,19,IA,Iowa,289,577,14190
39,11,DC,District Of Columbia,277,322,15069
39,35,NM,New Mexico,266,432,13020
39,31,NE,Nebraska,210,349,9619
39,02,AK,Alaska,203,352,8209
39,38,ND,North Dakota,201,345,7695
39,33,NH,New Hampshire,171,313,14896
39,46,SD,South Dakota,169,285,7929
39,30,MT,Montana,138,226,7625
39,10,DE,Delaware,138,268,8241
39,16,ID,Idaho,134,235,6752
39,23,ME,Maine,124,190,6440
39,56,WY,Wyoming,115,227,5786
39,50,VT,Vermont,92,137,3788
39,44,RI,Rhode Island,83,132,5457
40,96,OK,OK Total Migration-US and Foreign,30442,59772,1570345
40,97,OK,OK Total Migration-US,29658,58200,1534709
40,98,OK,OK Total Migration-Foreign,784,1572,35636
40,97,OK,OK Total Migration-Same State,48071,97280,2114099
40,40,OK,OK Non-migrants,1251228,2808515,85474840
40,48,TX,Texas,8611,16998,525317
40,05,AR,Arkansas,2101,4414,76994
40,06,CA,California,1820,3248,74418
40,20,KS,Kansas,1736,3677,72182
40,08,CO,Colorado,1453,2746,84985
40,12,FL,Florida,1425,2715,124792
40,29,MO,Missouri,1414,2762,61241
40,57,FR,Foreign,784,1572,35636
40,04,AZ,Arizona,704,1291,29822
40,53,WA,Washington,667,1306,30094
40,13,GA,Georgia,659,1349,33418
40,37,NC,North Carolina,580,1194,26621
40,47,TN,Tennessee,506,1051,21160
40,17,IL,Illinois,502,930,20310
40,36,NY,New York,462,777,18170
40,51,VA,Virginia,454,910,23894
40,22,LA,Louisiana,452,889,19106
40,35,NM,New Mexico,433,901,17418
40,39,OH,Ohio,386,757,16191
40,26,MI,Michigan,325,634,14711
40,41,OR,Oregon,302,560,12608
40,45,SC,South Carolina,301,617,12419
40,42,PA,Pennsylvania,300,523,15745
40,01,AL,Alabama,300,615,15592
40,32,NV,Nevada,293,541,11563
40,18,IN,Indiana,261,488,9230
40,19,IA,Iowa,242,456,7790
40,31,NE,Nebraska,234,531,14129
40,24,MD,Maryland,219,439,11538
40,28,MS,Mississippi,214,409,8297
40,21,KY,Kentucky,211,425,8916
40,15,HI,Hawaii,201,432,24304
40,55,WI,Wisconsin,196,378,8155
40,02,AK,Alaska,193,378,8607
40,27,MN,Minnesota,183,350,7384
40,49,UT,Utah,158,331,11977
40,30,MT,Montana,130,255,5254
40,56,WY,Wyoming,129,279,6358
40,38,ND,North Dakota,128,236,6457
40,34,NJ,New Jersey,127,215,5986
40,25,MA,Massachusetts,121,224,5628
40,16,ID,Idaho,101,202,3875
40,46,SD,South Dakota,97,179,4154
40,54,WV,West Virginia,69,151,3833
40,09,CT,Connecticut,61,105,2892
40,11,DC,District Of Columbia,47,59,2509
40,33,NH,New Hampshire,40,60,1317
40,44,RI,Rhode Island,30,58,3360
40,23,ME,Maine,30,66,1342
40,10,DE,Delaware,29,56,1062
40,50,VT,Vermont,21,33,1587
41,96,OR,OR Total Migration-US and Foreign,35208,62183,1834549
41,97,OR,OR Total Migration-US,34274,60511,1785303
41,98,OR,OR Total Migration-Foreign,934,1672,49246
41,97,OR,OR Total Migration-Same State,43321,74033,2083758
41,41,OR,OR Non-migrants,1413621,2971054,96003132
41,53,WA,Washington,10019,19158,528749
41,06,CA,California,6605,10976,338634
41,04,AZ,Arizona,1792,3082,112639
41,48,TX,Texas,1743,3182,87884
41,16,ID,Idaho,1472,2894,68881
41,08,CO,Colorado,1025,1682,64105
41,12,FL,Florida,966,1619,58588
41,32,NV,Nevada,952,1654,62527
41,57,FR,Foreign,934,1672,49246
41,49,UT,Utah,655,1214,28844
41,36,NY,New York,639,879,42458
41,02,AK,Alaska,567,945,24363
41,15,HI,Hawaii,549,922,23668
41,30,MT,Montana,537,876,21035
41,37,NC,North Carolina,416,733,20488
41,17,IL,Illinois,394,610,16674
41,51,VA,Virginia,330,529,15758
41,13,GA,Georgia,305,557,14178
41,27,MN,Minnesota,301,488,13873
41,42,PA,Pennsylvania,295,467,18034
41,29,MO,Missouri,289,508,13068
41,26,MI,Michigan,288,531,13443
41,35,NM,New Mexico,285,466,12524
41,38,ND,North Dakota,283,505,14694
41,25,MA,Massachusetts,278,408,17898
41,47,TN,Tennessee,264,458,10761
41,39,OH,Ohio,263,457,15137
41,55,WI,Wisconsin,223,361,8904
41,20,KS,Kansas,190,325,7830
41,40,OK,Oklahoma,185,372,8583
41,24,MD,Maryland,181,294,8886
41,56,WY,Wyoming,180,313,11200
41,18,IN,Indiana,155,269,5860
41,34,NJ,New Jersey,150,267,9745
41,45,SC,South Carolina,144,248,5896
41,05,AR,Arkansas,141,255,4845
41,22,LA,Louisiana,136,214,5095
41,19,IA,Iowa,131,222,4998
41,31,NE,Nebraska,130,255,6180
41,46,SD,South Dakota,108,186,5241
41,21,KY,Kentucky,105,193,4066
41,01,AL,Alabama,97,179,5421
41,09,CT,Connecticut,94,161,5939
41,11,DC,District Of Columbia,89,98,4005
41,23,ME,Maine,79,123,3693
41,28,MS,Mississippi,63,110,1938
41,50,VT,Vermont,52,65,1323
41,33,NH,New Hampshire,47,62,3167
41,54,WV,West Virginia,34,55,1461
41,44,RI,Rhode Island,24,32,1062
41,10,DE,Delaware,24,52,1058
42,96,PA,PA Total Migration-US and Foreign,86354,146026,5507902
42,97,PA,PA Total Migration-US,83973,141602,5328254
42,98,PA,PA Total Migration-Foreign,2381,4424,179648
42,97,PA,PA Total Migration-Same State,98576,163773,4891744
42,42,PA,PA Non-migrants,4921106,10126840,356331280
42,12,FL,Florida,10438,18180,1017451
42,34,NJ,New Jersey,9395,15610,559487
42,36,NY,New York,9103,14750,472157
42,24,MD,Maryland,5279,8542,268496
42,06,CA,California,4789,7113,340369
42,48,TX,Texas,4606,8509,279628
42,51,VA,Virginia,4103,6742,238250
42,39,OH,Ohio,3892,6484,186580
42,37,NC,North Carolina,3764,6775,209115
42,10,DE,Delaware,3051,5547,188303
42,57,FR,Foreign,2381,4424,179648
42,13,GA,Georgia,2229,4233,112848
42,45,SC,South Carolina,2038,3599,151451
42,25,MA,Massachusetts,1805,2708,145523
42,08,CO,Colorado,1703,2598,94264
42,17,IL,Illinois,1408,2334,98410
42,04,AZ,Arizona,1303,2219,88518
42,54,WV,West Virginia,1256,2194,65330
42,47,TN,Tennessee,1125,1956,68168
42,53,WA,Washington,1038,1699,72129
42,26,MI,Michigan,939,1663,74537
42,09,CT,Connecticut,921,1500,63047
42,18,IN,Indiana,723,1334,44671
42,11,DC,District Of Columbia,704,815,38572
42,32,NV,Nevada,652,1017,32780
42,21,KY,Kentucky,513,924,21930
42,29,MO,Missouri,511,954,30059
42,41,OR,Oregon,480,714,23755
42,55,WI,Wisconsin,469,864,27926
42,22,LA,Louisiana,442,741,24569
42,01,AL,Alabama,440,850,23033
42,27,MN,Minnesota,431,726,27981
42,40,OK,Oklahoma,378,702,20706
42,15,HI,Hawaii,336,589,18168
42,33,NH,New Hampshire,307,497,22599
42,20,KS,Kansas,298,534,13256
42,23,ME,Maine,296,465,14129
42,49,UT,Utah,277,480,16608
42,19,IA,Iowa,266,512,13158
42,35,NM,New Mexico,254,412,10822
42,38,ND,North Dakota,247,456,8907
42,44,RI,Rhode Island,233,393,12847
42,02,AK,Alaska,212,367,10467
42,50,VT,Vermont,207,307,7934
42,28,MS,Mississippi,206,387,9412
42,05,AR,Arkansas,205,395,11838
42,31,NE,Nebraska,158,302,8351
42,30,MT,Montana,155,248,18441
42,16,ID,Idaho,145,257,7678
42,56,WY,Wyoming,133,227,8604
42,46,SD,South Dakota,110,178,4992
44,96,RI,RI Total Migration-US and Foreign,11913,19457,824190
44,97,RI,RI Total Migration-US,11658,18977,806498
44,98,RI,RI Total Migration-Foreign,255,480,17692
44,97,RI,RI Total Migration-Same State,6564,10299,388549
44,44,RI,RI Non-migrants,409163,808142,29219095
44,25,MA,Massachusetts,3606,5610,219315
44,12,FL,Florida,1598,2820,220498
44,09,CT,Connecticut,904,1446,47833
44,36,NY,New York,777,1164,33892
44,06,CA,California,630,950,38278
44,48,TX,Texas,427,754,31410
44,51,VA,Virginia,306,582,18427
44,37,NC,North Carolina,293,526,13895
44,42,PA,Pennsylvania,279,452,14005
44,57,FR,Foreign,255,480,17692
44,33,NH,New Hampshire,253,378,18019
44,34,NJ,New Jersey,247,400,13628
44,13,GA,Georgia,209,381,10144
44,45,SC,South Carolina,184,336,9806
44,24,MD,Maryland,177,280,7859
44,23,ME,Maine,135,208,5357
44,17,IL,Illinois,135,207,9299
44,53,WA,Washington,127,201,6338
44,08,CO,Colorado,126,172,5287
44,39,OH,Ohio,116,223,5873
44,04,AZ,Arizona,111,207,8660
44,47,TN,Tennessee,85,140,4110
44,50,VT,Vermont,79,118,4233
44,41,OR,Oregon,64,97,4189
44,32,NV,Nevada,62,101,2744
44,22,LA,Louisiana,61,104,4129
44,26,MI,Michigan,60,96,3976
44,11,DC,District Of Columbia,59,69,14343
44,15,HI,Hawaii,52,95,5072
44,21,KY,Kentucky,48,82,2346
44,18,IN,Indiana,48,80,1984
44,27,MN,Minnesota,43,79,3639
44,29,MO,Missouri,41,50,1277
44,49,UT,Utah,40,69,2095
44,01,AL,Alabama,31,70,1432
44,55,WI,Wisconsin,30,48,1163
44,20,KS,Kansas,30,57,1476
44,19,IA,Iowa,29,64,1342
44,10,DE,Delaware,29,48,1319
44,35,NM,New Mexico,24,34,1434
44,40,OK,Oklahoma,22,47,964
44,28,MS,Mississippi,20,35,752
44,38,ND,North Dakota,16,22,624
44,30,MT,Montana,16,24,2744
44,31,NE,Nebraska,15,30,809
44,02,AK,Alaska,14,21,479
44,05,AR,Arkansas,-1,-1,-1
44,54,WV,West Virginia,-1,-1,-1
44,56,WY,Wyoming,-1,-1,-1
44,16,ID,Idaho,-1,-1,-1
44,46,SD,South Dakota,-1,-1,-1
45,96,SC,SC Total Migration-US and Foreign,42847,78749,1981736
45,97,SC,SC Total Migration-US,41676,76390,1921798
45,98,SC,SC Total Migration-Foreign,1171,2359,59938
45,97,SC,SC Total Migration-Same State,49257,95715,1935322
45,45,SC,SC Non-migrants,1635884,3554356,98288141
45,37,NC,North Carolina,8791,16289,420420
45,13,GA,Georgia,5428,10368,226573
45,12,FL,Florida,4416,8079,239369
45,48,TX,Texas,2380,4673,126632
45,36,NY,New York,2113,3357,71771
45,51,VA,Virginia,1972,3634,92804
45,06,CA,California,1535,2675,70252
45,47,TN,Tennessee,1255,2398,65013
45,57,FR,Foreign,1171,2359,59938
45,42,PA,Pennsylvania,1130,1958,46534
45,39,OH,Ohio,1059,1992,43961
45,24,MD,Maryland,816,1414,34123
45,34,NJ,New Jersey,714,1273,28896
45,53,WA,Washington,695,1319,36158
45,08,CO,Colorado,659,1086,21894
45,01,AL,Alabama,637,1220,31594
45,26,MI,Michigan,609,1132,28591
45,17,IL,Illinois,584,975,28324
45,21,KY,Kentucky,488,987,19287
45,04,AZ,Arizona,447,799,21284
45,18,IN,Indiana,440,865,19742
45,25,MA,Massachusetts,436,678,19837
45,09,CT,Connecticut,383,626,16920
45,22,LA,Louisiana,379,690,16876
45,29,MO,Missouri,355,669,15424
45,15,HI,Hawaii,309,588,12902
45,54,WV,West Virginia,295,579,10046
45,28,MS,Mississippi,247,490,11838
45,55,WI,Wisconsin,235,421,10904
45,40,OK,Oklahoma,233,464,9434
45,20,KS,Kansas,230,464,10145
45,41,OR,Oregon,222,383,10633
45,32,NV,Nevada,205,329,8138
45,05,AR,Arkansas,188,386,10265
45,27,MN,Minnesota,167,288,8015
45,11,DC,District Of Columbia,151,198,8427
45,33,NH,New Hampshire,140,237,6675
45,02,AK,Alaska,139,252,5428
45,49,UT,Utah,137,255,7449
45,19,IA,Iowa,124,254,7126
45,10,DE,Delaware,117,203,7879
45,35,NM,New Mexico,110,199,5545
45,44,RI,Rhode Island,101,161,3967
45,23,ME,Maine,99,170,4163
45,31,NE,Nebraska,96,179,3449
45,38,ND,North Dakota,83,149,3327
45,50,VT,Vermont,76,126,3289
45,30,MT,Montana,72,141,2937
45,16,ID,Idaho,62,126,3151
45,56,WY,Wyoming,61,102,2989
45,46,SD,South Dakota,56,90,1399
46,96,SD,SD Total Migration-US and Foreign,9330,16531,486535
46,97,SD,SD Total Migration-US,9157,16232,478560
46,98,SD,SD Total Migration-Foreign,173,299,7975
46,97,SD,SD Total Migration-Same State,10047,17802,463303
46,46,SD,SD Non-migrants,319174,685345,22555006
46,27,MN,Minnesota,1169,1965,102346
46,19,IA,Iowa,637,1131,26998
46,38,ND,North Dakota,631,1163,30881
46,08,CO,Colorado,624,972,24656
46,48,TX,Texas,592,1073,23822
46,31,NE,Nebraska,560,989,22183
46,04,AZ,Arizona,512,918,21883
46,12,FL,Florida,485,849,44616
46,06,CA,California,442,738,17646
46,56,WY,Wyoming,299,581,14244
46,53,WA,Washington,258,467,11325
46,30,MT,Montana,191,343,7632
46,55,WI,Wisconsin,187,348,8336
46,57,FR,Foreign,173,299,7975
46,29,MO,Missouri,158,279,7452
46,32,NV,Nevada,150,263,8426
46,17,IL,Illinois,143,284,6124
46,41,OR,Oregon,132,225,5923
46,13,GA,Georgia,126,235,6008
46,20,KS,Kansas,124,212,4742
46,37,NC,North Carolina,115,219,4548
46,39,OH,Ohio,112,214,5318
46,51,VA,Virginia,107,190,6163
46,26,MI,Michigan,107,194,4203
46,40,OK,Oklahoma,104,194,4207
46,35,NM,New Mexico,102,187,4342
46,49,UT,Utah,96,184,4996
46,36,NY,New York,93,150,3641
46,47,TN,Tennessee,92,169,4948
46,18,IN,Indiana,91,169,4593
46,16,ID,Idaho,84,144,4356
46,42,PA,Pennsylvania,73,126,3912
46,21,KY,Kentucky,64,115,1638
46,05,AR,Arkansas,60,116,6700
46,45,SC,South Carolina,55,93,2337
46,02,AK,Alaska,52,93,2291
46,24,MD,Maryland,50,83,2485
46,01,AL,Alabama,48,129,2095
46,22,LA,Louisiana,46,97,2162
46,25,MA,Massachusetts,42,66,1602
46,34,NJ,New Jersey,35,53,1429
46,15,HI,Hawaii,30,66,1426
46,23,ME,Maine,27,54,1664
46,28,MS,Mississippi,20,43,676
46,11,DC,District Of Columbia,19,21,873
46,54,WV,West Virginia,13,28,710
46,09,CT,Connecticut,-1,-1,-1
46,33,NH,New Hampshire,-1,-1,-1
46,50,VT,Vermont,-1,-1,-1
46,10,DE,Delaware,-1,-1,-1
46,44,RI,Rhode Island,-1,-1,-1
47,96,TN,TN Total Migration-US and Foreign,54803,104401,2640688
47,97,TN,TN Total Migration-US,53745,102235,2582435
47,98,TN,TN Total Migration-Foreign,1058,2166,58252
47,97,TN,TN Total Migration-Same State,68439,131493,2759504
47,47,TN,TN Non-migrants,2284202,4979878,143879419
47,12,FL,Florida,5637,10352,337489
47,13,GA,Georgia,5151,10001,232190
47,48,TX,Texas,4819,9527,233841
47,28,MS,Mississippi,3669,7674,130424
47,21,KY,Kentucky,3172,6329,113604
47,37,NC,North Carolina,2736,5018,135258
47,01,AL,Alabama,2608,5304,124203
47,06,CA,California,2570,4524,139139
47,51,VA,Virginia,2100,3977,110472
47,17,IL,Illinois,1541,2852,62401
47,39,OH,Ohio,1509,2942,62510
47,05,AR,Arkansas,1358,2690,60703
47,45,SC,South Carolina,1357,2526,78670
47,26,MI,Michigan,1262,2337,76170
47,36,NY,New York,1195,1976,53397
47,18,IN,Indiana,1158,2251,46182
47,08,CO,Colorado,1147,1914,53138
47,57,FR,Foreign,1058,2166,58252
47,29,MO,Missouri,986,1867,44841
47,22,LA,Louisiana,838,1586,38152
47,04,AZ,Arizona,796,1468,36737
47,53,WA,Washington,773,1396,38273
47,42,PA,Pennsylvania,739,1330,34817
47,24,MD,Maryland,543,936,27494
47,40,OK,Oklahoma,500,993,20305
47,55,WI,Wisconsin,435,802,18627
47,32,NV,Nevada,400,735,19470
47,25,MA,Massachusetts,385,628,19364
47,34,NJ,New Jersey,380,705,17397
47,41,OR,Oregon,374,608,15380
47,27,MN,Minnesota,372,697,18464
47,20,KS,Kansas,365,781,16676
47,15,HI,Hawaii,278,580,12809
47,19,IA,Iowa,268,509,11213
47,54,WV,West Virginia,229,445,10560
47,49,UT,Utah,219,443,10303
47,35,NM,New Mexico,219,402,9806
47,31,NE,Nebraska,181,370,7663
47,02,AK,Alaska,178,370,7373
47,09,CT,Connecticut,166,277,10478
47,38,ND,North Dakota,158,304,8950
47,11,DC,District Of Columbia,147,195,7969
47,46,SD,South Dakota,120,217,5517
47,23,ME,Maine,116,219,5807
47,30,MT,Montana,103,194,5461
47,16,ID,Idaho,98,234,5830
47,10,DE,Delaware,97,222,4093
47,33,NH,New Hampshire,89,155,7103
47,56,WY,Wyoming,75,146,30006
47,50,VT,Vermont,66,112,2431
47,44,RI,Rhode Island,63,115,3274
48,96,TX,TX Total Migration-US and Foreign,195322,381936,10390594
48,97,TX,TX Total Migration-US,187832,365952,9700075
48,98,TX,TX Total Migration-Foreign,7490,15984,690519
48,97,TX,TX Total Migration-Same State,376186,738659,21338559
48,48,TX,TX Non-migrants,9048226,20811746,702167593
48,12,FL,Florida,23089,42521,992239
48,06,CA,California,20523,38725,1246622
48,13,GA,Georgia,10872,22498,414940
48,22,LA,Louisiana,8707,17678,491229
48,40,OK,Oklahoma,8082,16446,435581
48,08,CO,Colorado,7677,14537,485158
48,57,FR,Foreign,7490,15984,690519
48,36,NY,New York,6782,11801,323398
48,17,IL,Illinois,5747,11054,363185
48,37,NC,North Carolina,5583,11554,288030
48,04,AZ,Arizona,5578,11103,263324
48,35,NM,New Mexico,5010,10420,224591
48,51,VA,Virginia,4937,9622,276984
48,53,WA,Washington,4912,9354,288028
48,47,TN,Tennessee,4805,9611,259839
48,26,MI,Michigan,4521,8777,183021
48,05,AR,Arkansas,4517,9001,192553
48,39,OH,Ohio,4005,7936,185916
48,29,MO,Missouri,3722,7246,179113
48,42,PA,Pennsylvania,3670,7013,180652
48,01,AL,Alabama,3435,7041,135165
48,28,MS,Mississippi,3050,6287,120629
48,45,SC,South Carolina,2666,5324,152065
48,20,KS,Kansas,2659,5417,132411
48,24,MD,Maryland,2640,5046,135432
48,34,NJ,New Jersey,2624,5543,190998
48,32,NV,Nevada,2557,4928,127932
48,18,IN,Indiana,2487,5127,96840
48,27,MN,Minnesota,2067,4150,84225
48,41,OR,Oregon,2001,3654,112218
48,25,MA,Massachusetts,1911,3256,162439
48,55,WI,Wisconsin,1803,3527,78611
48,21,KY,Kentucky,1783,3601,80545
48,49,UT,Utah,1549,3385,88448
48,15,HI,Hawaii,1533,3170,72764
48,19,IA,Iowa,1265,2492,51792
48,31,NE,Nebraska,1129,2181,44949
48,09,CT,Connecticut,1007,1917,76313
48,02,AK,Alaska,941,1911,67188
48,16,ID,Idaho,835,1777,48443
48,38,ND,North Dakota,709,1388,36722
48,11,DC,District Of Columbia,695,984,36572
48,30,MT,Montana,582,1083,35742
48,56,WY,Wyoming,567,1139,118793
48,54,WV,West Virginia,526,984,25786
48,46,SD,South Dakota,454,865,22453
48,33,NH,New Hampshire,432,755,25351
48,10,DE,Delaware,369,703,19681
48,23,ME,Maine,348,644,19056
48,44,RI,Rhode Island,304,518,19107
48,50,VT,Vermont,165,258,7002
49,96,UT,UT Total Migration-US and Foreign,22938,48493,1239473
49,97,UT,UT Total Migration-US,22383,47215,1201142
49,98,UT,UT Total Migration-Foreign,555,1278,38331
49,97,UT,UT Total Migration-Same State,26496,56835,1246803
49,49,UT,UT Non-migrants,929882,2420651,66274016
49,06,CA,California,3390,6744,159131
49,48,TX,Texas,1850,4334,127767
49,04,AZ,Arizona,1841,4052,136768
49,32,NV,Nevada,1607,3379,82507
49,16,ID,Idaho,1536,3481,65366
49,08,CO,Colorado,1436,2987,71808
49,53,WA,Washington,1380,2834,73306
49,41,OR,Oregon,783,1497,32828
49,12,FL,Florida,772,1575,45449
49,56,WY,Wyoming,652,1514,46579
49,57,FR,Foreign,555,1278,38331
49,36,NY,New York,437,744,23084
49,51,VA,Virginia,391,786,20895
49,30,MT,Montana,355,703,14980
49,35,NM,New Mexico,324,669,13709
49,17,IL,Illinois,319,609,17281
49,13,GA,Georgia,313,665,14908
49,37,NC,North Carolina,300,610,13236
49,15,HI,Hawaii,297,663,12908
49,38,ND,North Dakota,277,663,16085
49,29,MO,Missouri,268,597,11077
49,39,OH,Ohio,246,488,8190
49,42,PA,Pennsylvania,232,467,11360
49,26,MI,Michigan,230,454,10928
49,40,OK,Oklahoma,215,511,8548
49,27,MN,Minnesota,214,460,10343
49,47,TN,Tennessee,200,421,11857
49,25,MA,Massachusetts,181,346,14160
49,02,AK,Alaska,180,401,9906
49,24,MD,Maryland,176,348,9736
49,18,IN,Indiana,168,357,7154
49,55,WI,Wisconsin,163,298,7421
49,20,KS,Kansas,153,347,6871
49,31,NE,Nebraska,144,314,5660
49,45,SC,South Carolina,142,331,7260
49,19,IA,Iowa,138,323,6696
49,34,NJ,New Jersey,129,293,10677
49,22,LA,Louisiana,118,264,4622
49,21,KY,Kentucky,110,257,4356
49,05,AR,Arkansas,104,258,6815
49,01,AL,Alabama,99,201,4551
49,09,CT,Connecticut,97,192,9624
49,46,SD,South Dakota,92,164,4629
49,28,MS,Mississippi,68,154,2560
49,11,DC,District Of Columbia,59,82,7309
49,23,ME,Maine,43,84,1267
49,33,NH,New Hampshire,40,84,3023
49,50,VT,Vermont,37,46,1071
49,54,WV,West Virginia,32,56,1730
49,10,DE,Delaware,23,68,2224
49,44,RI,Rhode Island,22,40,922
50,96,VT,VT Total Migration-US and Foreign,7620,11479,456129
50,97,VT,VT Total Migration-US,7416,11146,443235
50,98,VT,VT Total Migration-Foreign,204,333,12894
50,97,VT,VT Total Migration-Same State,5102,7891,199015
50,50,VT,VT Non-migrants,260357,504414,16958421
50,33,NH,New Hampshire,1039,1613,62616
50,36,NY,New York,906,1274,37003
50,12,FL,Florida,850,1380,100882
50,25,MA,Massachusetts,776,1040,41452
50,06,CA,California,385,508,18791
50,37,NC,North Carolina,267,459,14270
50,23,ME,Maine,265,396,11719
50,08,CO,Colorado,260,331,10985
50,09,CT,Connecticut,246,363,11870
50,57,FR,Foreign,204,333,12894
50,48,TX,Texas,204,354,13070
50,42,PA,Pennsylvania,183,277,9403
50,51,VA,Virginia,179,298,8425
50,45,SC,South Carolina,148,230,16285
50,53,WA,Washington,135,174,5582
50,34,NJ,New Jersey,130,187,7379
50,04,AZ,Arizona,124,200,6977
50,41,OR,Oregon,120,184,6109
50,13,GA,Georgia,102,172,5028
50,24,MD,Maryland,93,151,4587
50,17,IL,Illinois,78,119,7291
50,47,TN,Tennessee,77,128,3128
50,44,RI,Rhode Island,72,97,3137
50,39,OH,Ohio,72,108,2383
50,26,MI,Michigan,59,97,3831
50,49,UT,Utah,57,76,5103
50,30,MT,Montana,51,69,2090
50,29,MO,Missouri,45,75,1287
50,27,MN,Minnesota,44,78,2124
50,11,DC,District Of Columbia,43,54,3400
50,22,LA,Louisiana,38,55,1145
50,56,WY,Wyoming,33,35,1148
50,18,IN,Indiana,33,61,1279
50,02,AK,Alaska,32,40,1300
50,32,NV,Nevada,31,52,1100
50,55,WI,Wisconsin,30,50,1557
50,35,NM,New Mexico,27,56,1694
50,16,ID,Idaho,25,46,1299
50,21,KY,Kentucky,24,49,1085
50,01,AL,Alabama,22,33,716
50,10,DE,Delaware,21,30,1417
50,40,OK,Oklahoma,19,27,574
50,28,MS,Mississippi,19,31,610
50,20,KS,Kansas,19,27,651
50,15,HI,Hawaii,19,32,797
50,19,IA,Iowa,14,30,655
50,31,NE,Nebraska,-1,-1,-1
50,46,SD,South Dakota,-1,-1,-1
50,05,AR,Arkansas,-1,-1,-1
50,54,WV,West Virginia,-1,-1,-1
50,38,ND,North Dakota,-1,-1,-1
51,96,VA,VA Total Migration-US and Foreign,91471,166333,5900661
51,97,VA,VA Total Migration-US,86999,156589,5571635
51,98,VA,VA Total Migration-Foreign,4472,9744,329026
51,97,VA,VA Total Migration-Same State,133859,245543,6673419
51,51,VA,VA Non-migrants,2964636,6368598,247436124
51,24,MD,Maryland,10322,18653,559233
51,37,NC,North Carolina,9121,17087,476700
51,12,FL,Florida,8567,15835,734499
51,48,TX,Texas,6121,12482,469601
51,06,CA,California,5918,10225,390970
51,57,FR,Foreign,4472,9744,329026
51,11,DC,District Of Columbia,4312,5536,322857
51,36,NY,New York,4311,6831,265536
51,13,GA,Georgia,3583,6868,186031
51,42,PA,Pennsylvania,3217,5546,197631
51,47,TN,Tennessee,2689,4938,128092
51,45,SC,South Carolina,2633,4834,183577
51,54,WV,West Virginia,1902,3586,85282
51,08,CO,Colorado,1821,3079,121617
51,39,OH,Ohio,1706,3153,90674
51,34,NJ,New Jersey,1658,2860,100956
51,53,WA,Washington,1570,2947,114429
51,17,IL,Illinois,1514,2553,95221
51,25,MA,Massachusetts,1202,1852,79453
51,04,AZ,Arizona,1060,1964,104397
51,26,MI,Michigan,1044,1864,66136
51,21,KY,Kentucky,845,1668,42647
51,01,AL,Alabama,819,1624,48796
51,18,IN,Indiana,745,1423,36184
51,15,HI,Hawaii,720,1542,41508
51,09,CT,Connecticut,692,1230,45403
51,22,LA,Louisiana,673,1231,36253
51,29,MO,Missouri,649,1209,38328
51,32,NV,Nevada,620,1067,73904
51,10,DE,Delaware,501,906,32869
51,41,OR,Oregon,500,830,31442
51,40,OK,Oklahoma,496,951,24688
51,27,MN,Minnesota,483,809,32161
51,55,WI,Wisconsin,448,795,24536
51,20,KS,Kansas,438,835,22743
51,49,UT,Utah,434,869,39303
51,28,MS,Mississippi,422,888,19910
51,23,ME,Maine,329,615,22134
51,35,NM,New Mexico,324,598,24019
51,05,AR,Arkansas,313,625,17127
51,33,NH,New Hampshire,300,503,21352
51,02,AK,Alaska,288,557,15073
51,19,IA,Iowa,275,498,16845
51,44,RI,Rhode Island,273,527,16903
51,31,NE,Nebraska,202,418,11503
51,16,ID,Idaho,187,345,11096
51,30,MT,Montana,171,301,14556
51,50,VT,Vermont,166,284,10469
51,38,ND,North Dakota,165,294,7593
51,46,SD,South Dakota,134,254,8404
51,56,WY,Wyoming,116,200,10994
53,96,WA,WA Total Migration-US and Foreign,62280,114931,3639132
53,97,WA,WA Total Migration-US,58997,108382,3393957
53,98,WA,WA Total Migration-Foreign,3283,6549,245175
53,97,WA,WA Total Migration-Same State,68724,122963,3535540
53,53,WA,WA Non-migrants,2615285,5612501,213740983
53,06,CA,California,11126,19789,778613
53,41,OR,Oregon,8432,15039,402645
53,48,TX,Texas,4236,8484,255431
53,04,AZ,Arizona,3338,5949,208028
53,57,FR,Foreign,3283,6549,245175
53,16,ID,Idaho,2981,5594,133290
53,12,FL,Florida,2588,4598,163190
53,08,CO,Colorado,1895,3405,103857
53,36,NY,New York,1476,2258,98069
53,32,NV,Nevada,1454,2644,68312
53,15,HI,Hawaii,1350,2716,69385
53,30,MT,Montana,1213,2163,54919
53,51,VA,Virginia,1200,2429,70619
53,02,AK,Alaska,1174,2020,55978
53,49,UT,Utah,1146,2380,59362
53,37,NC,North Carolina,1123,2201,59951
53,13,GA,Georgia,1116,2285,58062
53,17,IL,Illinois,1023,1822,71974
53,39,OH,Ohio,690,1246,42605
53,27,MN,Minnesota,668,1154,45440
53,47,TN,Tennessee,637,1246,33750
53,29,MO,Missouri,635,1266,37618
53,26,MI,Michigan,623,1092,33415
53,42,PA,Pennsylvania,622,1081,38981
53,25,MA,Massachusetts,586,899,50107
53,24,MD,Maryland,536,968,30681
53,38,ND,North Dakota,528,971,26110
53,45,SC,South Carolina,522,1055,31194
53,40,OK,Oklahoma,513,1084,22303
53,20,KS,Kansas,453,924,23543
53,35,NM,New Mexico,449,804,28459
53,55,WI,Wisconsin,437,799,20913
53,34,NJ,New Jersey,413,758,30514
53,22,LA,Louisiana,408,795,21897
53,18,IN,Indiana,367,716,21166
53,01,AL,Alabama,351,742,17875
53,21,KY,Kentucky,319,691,14640
53,19,IA,Iowa,289,555,11804
53,31,NE,Nebraska,274,526,11620
53,56,WY,Wyoming,271,533,11498
53,05,AR,Arkansas,226,438,9043
53,09,CT,Connecticut,225,408,14070
53,46,SD,South Dakota,209,381,10700
53,28,MS,Mississippi,195,393,8499
53,11,DC,District Of Columbia,184,215,10588
53,23,ME,Maine,118,191,4616
53,33,NH,New Hampshire,117,199,5490
53,44,RI,Rhode Island,74,155,4741
53,54,WV,West Virginia,73,140,3400
53,50,VT,Vermont,69,103,3107
53,10,DE,Delaware,45,78,1883
54,96,WV,WV Total Migration-US and Foreign,14869,26816,666625
54,97,WV,WV Total Migration-US,14730,26574,661357
54,98,WV,WV Total Migration-Foreign,139,242,5268
54,97,WV,WV Total Migration-Same State,14111,26636,514142
54,54,WV,WV Non-migrants,631644,1338086,35929319
54,39,OH,Ohio,2377,4375,87914
54,51,VA,Virginia,1937,3461,76032
54,42,PA,Pennsylvania,1306,2268,70519
54,12,FL,Florida,1232,2167,70207
54,24,MD,Maryland,1175,2073,47955
54,37,NC,North Carolina,1030,1906,43577
54,48,TX,Texas,622,1120,34263
54,21,KY,Kentucky,618,1232,23886
54,45,SC,South Carolina,553,1060,32269
54,47,TN,Tennessee,367,755,15807
54,13,GA,Georgia,327,641,13912
54,06,CA,California,299,439,16768
54,36,NY,New York,271,452,9120
54,08,CO,Colorado,215,333,9674
54,26,MI,Michigan,187,352,6733
54,18,IN,Indiana,174,329,8639
54,17,IL,Illinois,157,280,7278
54,57,FR,Foreign,139,242,5268
54,34,NJ,New Jersey,134,222,5410
54,04,AZ,Arizona,130,194,5801
54,01,AL,Alabama,119,235,5459
54,53,WA,Washington,113,175,4350
54,29,MO,Missouri,99,203,4935
54,22,LA,Louisiana,99,186,4999
54,40,OK,Oklahoma,87,181,6530
54,25,MA,Massachusetts,77,116,2929
54,11,DC,District Of Columbia,73,93,4845
54,55,WI,Wisconsin,72,121,2568
54,32,NV,Nevada,71,105,3147
54,41,OR,Oregon,66,109,3668
54,10,DE,Delaware,55,100,2400
54,27,MN,Minnesota,54,89,1955
54,05,AR,Arkansas,53,118,2542
54,20,KS,Kansas,51,111,1814
54,28,MS,Mississippi,49,107,1643
54,49,UT,Utah,44,96,2149
54,15,HI,Hawaii,44,81,1406
54,09,CT,Connecticut,43,76,1984
54,56,WY,Wyoming,40,79,2309
54,35,NM,New Mexico,40,72,1672
54,30,MT,Montana,35,63,1956
54,19,IA,Iowa,34,76,1445
54,16,ID,Idaho,34,68,2195
54,02,AK,Alaska,28,36,1116
54,23,ME,Maine,26,41,521
54,33,NH,New Hampshire,24,40,1816
54,46,SD,South Dakota,21,36,552
54,38,ND,North Dakota,21,29,837
54,31,NE,Nebraska,20,31,734
54,44,RI,Rhode Island,14,18,376
54,50,VT,Vermont,13,24,740
55,96,WI,WI Total Migration-US and Foreign,36700,62453,2176122
55,97,WI,WI Total Migration-US,35824,60882,2133167
55,98,WI,WI Total Migration-Foreign,876,1571,42955
55,97,WI,WI Total Migration-Same State,59189,98765,2599938
55,55,WI,WI Non-migrants,2252810,4741900,153754196
55,27,MN,Minnesota,5218,7974,242908
55,17,IL,Illinois,5106,8589,243273
55,12,FL,Florida,3048,5349,412421
55,48,TX,Texas,2633,5092,136447
55,06,CA,California,2243,3572,152429
55,26,MI,Michigan,1469,2543,79811
55,04,AZ,Arizona,1427,2434,87780
55,08,CO,Colorado,1264,1882,76415
55,19,IA,Iowa,913,1590,40987
55,57,FR,Foreign,876,1571,42955
55,37,NC,North Carolina,820,1562,47743
55,53,WA,Washington,777,1336,42069
55,13,GA,Georgia,771,1477,42465
55,36,NY,New York,730,1088,34806
55,47,TN,Tennessee,726,1305,31102
55,18,IN,Indiana,668,1299,34291
55,39,OH,Ohio,624,1125,33714
55,29,MO,Missouri,621,1084,33473
55,51,VA,Virginia,526,879,26767
55,32,NV,Nevada,433,740,21686
55,41,OR,Oregon,429,664,23274
55,42,PA,Pennsylvania,377,658,20795
55,38,ND,North Dakota,360,524,16121
55,45,SC,South Carolina,329,608,21993
55,25,MA,Massachusetts,311,471,18803
55,24,MD,Maryland,273,436,14078
55,21,KY,Kentucky,255,465,12095
55,05,AR,Arkansas,238,476,10267
55,28,MS,Mississippi,219,432,8181
55,20,KS,Kansas,206,371,8119
55,49,UT,Utah,201,355,12625
55,22,LA,Louisiana,201,351,8758
55,01,AL,Alabama,198,385,9052
55,40,OK,Oklahoma,194,383,9592
55,34,NJ,New Jersey,194,349,17080
55,46,SD,South Dakota,191,323,9415
55,30,MT,Montana,191,266,7140
55,31,NE,Nebraska,180,344,9001
55,35,NM,New Mexico,170,304,12456
55,15,HI,Hawaii,167,278,7425
55,02,AK,Alaska,159,259,6008
55,11,DC,District Of Columbia,132,164,9654
55,09,CT,Connecticut,124,225,9694
55,56,WY,Wyoming,120,192,6274
55,16,ID,Idaho,108,181,6312
55,33,NH,New Hampshire,57,108,5765
55,44,RI,Rhode Island,54,95,5007
55,23,ME,Maine,54,100,2608
55,54,WV,West Virginia,49,90,1803
55,50,VT,Vermont,37,55,1654
55,10,DE,Delaware,29,50,1531
56,96,WY,WY Total Migration-US and Foreign,9834,18079,552467
56,97,WY,WY Total Migration-US,9634,17715,545259
56,98,WY,WY Total Migration-Foreign,200,364,7208
56,97,WY,WY Total Migration-Same State,3948,7022,225835
56,56,WY,WY Non-migrants,216928,464394,19453339
56,08,CO,Colorado,1641,2881,91838
56,48,TX,Texas,796,1454,46316
56,49,UT,Utah,645,1385,29129
56,30,MT,Montana,608,1047,30042
56,06,CA,California,544,940,31005
56,04,AZ,Arizona,465,812,24813
56,12,FL,Florida,426,752,18801
56,16,ID,Idaho,411,856,21203
56,53,WA,Washington,332,582,15132
56,46,SD,South Dakota,304,547,13706
56,31,NE,Nebraska,288,540,11892
56,41,OR,Oregon,233,440,10265
56,32,NV,Nevada,227,417,15073
56,38,ND,North Dakota,219,435,11664
56,57,FR,Foreign,200,364,7208
56,40,OK,Oklahoma,144,329,7780
56,26,MI,Michigan,139,256,1392
56,13,GA,Georgia,138,283,41820
56,27,MN,Minnesota,135,232,11822
56,35,NM,New Mexico,128,249,7316
56,29,MO,Missouri,125,223,4997
56,17,IL,Illinois,125,199,5600
56,37,NC,North Carolina,119,215,5881
56,42,PA,Pennsylvania,103,172,5139
56,20,KS,Kansas,100,207,5365
56,19,IA,Iowa,93,181,4255
56,47,TN,Tennessee,88,158,27340
56,02,AK,Alaska,86,146,6700
56,55,WI,Wisconsin,85,139,3409
56,51,VA,Virginia,85,140,4627
56,36,NY,New York,81,128,3916
56,39,OH,Ohio,75,140,488
56,22,LA,Louisiana,73,164,1180
56,18,IN,Indiana,72,150,2615
56,05,AR,Arkansas,70,143,3197
56,45,SC,South Carolina,63,114,1990
56,01,AL,Alabama,53,100,1885
56,21,KY,Kentucky,52,97,2980
56,15,HI,Hawaii,44,85,2638
56,28,MS,Mississippi,40,85,1354
56,24,MD,Maryland,35,68,3703
56,25,MA,Massachusetts,29,45,1180
56,54,WV,West Virginia,28,48,1271
56,34,NJ,New Jersey,26,53,1069
56,23,ME,Maine,22,27,630
56,09,CT,Connecticut,20,27,175
56,50,VT,Vermont,19,24,665
56,33,NH,New Hampshire,-1,-1,-1
56,10,DE,Delaware,-1,-1,-1
56,11,DC,District Of Columbia,-1,-1,-1
56,44,RI,Rhode Island,-1,-1,-1
